,stockSymbol1,stockSymbol2,corr
0,AAPL,AEM,0.834
1,AAPL,AEZS,-0.658
2,AAPL,ALGN,0.758
3,AAPL,ALXN,0.336
4,AAPL,AMD,0.982
5,AAPL,AMGN,0.771
6,AAPL,AMZN,0.943
7,AAPL,APPS,0.866
8,AAPL,ARNA,0.803
9,AAPL,ARWR,0.786
10,AAPL,ATVI,0.961
11,AAPL,BIDU,0.496
12,AAPL,BIIB,0.18
13,AAPL,BIP,0.758
14,AAPL,CLNE,0.562
15,AAPL,CNI,0.754
16,AAPL,CNQ,-0.323
17,AAPL,CP,0.932
18,AAPL,CRM,0.907
19,AAPL,DDD,0.36
20,AAPL,DE,0.838
21,AAPL,ERIC,0.793
22,AAPL,EXAS,0.382
23,AAPL,FCEL,0.632
24,AAPL,FLIR,-0.392
25,AAPL,GLD,0.904
26,AAPL,GOOG,0.934
27,AAPL,GOOGL,0.933
28,AAPL,HD,0.904
29,AAPL,HIMX,0.653
30,AAPL,HPQ,0.394
31,AAPL,IBB,0.922
32,AAPL,ICE,0.858
33,AAPL,ILMN,0.561
34,AAPL,ILMN,0.561
35,AAPL,IONS,-0.579
36,AAPL,IRDM,0.731
37,AAPL,IWM,0.565
38,AAPL,IYR,-0.249
39,AAPL,JPM,0.11
40,AAPL,KOPN ,0.518
41,AAPL,KTOS,0.497
42,AAPL,LLY,0.814
43,AAPL,MA,0.875
44,AAPL,MRK,-0.146
45,AAPL,MSFT,0.969
46,AAPL,MSTR,0.559
47,AAPL,MTSL,0.436
48,AAPL,MVIS,0.601
49,AAPL,NVAX,0.86
50,AAPL,NVDA,0.979
51,AAPL,PENN,0.897
52,AAPL,PERI,0.74
53,AAPL,PFE,-0.187
54,AAPL,PTC,0.615
55,AAPL,QCOM,0.928
56,AAPL,QQQ,0.989
57,AAPL,RIO,0.656
58,AAPL,SGEN,0.911
59,AAPL,SIVB,0.708
60,AAPL,SLV,0.919
61,AAPL,SPY,0.884
62,AAPL,SSYS,-0.022
63,AAPL,STAA,0.873
64,AAPL,TD,-0.206
65,AAPL,TLT,0.659
66,AAPL,TNA,-0.038
67,AAPL,TRMB,0.812
68,AAPL,TXN,0.879
69,AAPL,V,0.846
70,AAPL,VERU,0.616
71,AAPL,WMT,0.925
72,AAPL,WWR,0.03
73,AAPL,XBI,0.902
74,AAPL,XHB,0.847
75,AAPL,XLE,-0.721
76,AEM,AEZS,-0.683
77,AEM,ALGN,0.466
78,AEM,ALXN,0.089
79,AEM,AMD,0.822
80,AEM,AMGN,0.789
81,AEM,AMZN,0.818
82,AEM,APPS,0.623
83,AEM,ARNA,0.734
84,AEM,ARWR,0.629
85,AEM,ATVI,0.806
86,AEM,BIDU,0.14
87,AEM,BIIB,0.142
88,AEM,BIP,0.671
89,AEM,CLNE,0.24
90,AEM,CNI,0.691
91,AEM,CNQ,-0.33
92,AEM,CP,0.772
93,AEM,CRM,0.798
94,AEM,DDD,0.051
95,AEM,DE,0.623
96,AEM,ERIC,0.626
97,AEM,EXAS,0.29
98,AEM,FCEL,0.27
99,AEM,FLIR,-0.374
100,AEM,GLD,0.885
101,AEM,GOOG,0.717
102,AEM,GOOGL,0.716
103,AEM,HD,0.906
104,AEM,HIMX,0.296
105,AEM,HPQ,0.152
106,AEM,IBB,0.712
107,AEM,ICE,0.791
108,AEM,ILMN,0.416
109,AEM,ILMN,0.416
110,AEM,IONS,-0.561
111,AEM,IRDM,0.406
112,AEM,IWM,0.358
113,AEM,IYR,-0.14
114,AEM,JPM,-0.007
115,AEM,KOPN ,0.257
116,AEM,KTOS,0.377
117,AEM,LLY,0.537
118,AEM,MA,0.842
119,AEM,MRK,0.139
120,AEM,MSFT,0.83
121,AEM,MSTR,0.258
122,AEM,MTSL,0.154
123,AEM,MVIS,0.322
124,AEM,NVAX,0.677
125,AEM,NVDA,0.823
126,AEM,PENN,0.66
127,AEM,PERI,0.487
128,AEM,PFE,-0.184
129,AEM,PTC,0.302
130,AEM,QCOM,0.735
131,AEM,QQQ,0.811
132,AEM,RIO,0.417
133,AEM,SGEN,0.816
134,AEM,SIVB,0.413
135,AEM,SLV,0.873
136,AEM,SPY,0.742
137,AEM,SSYS,-0.218
138,AEM,STAA,0.625
139,AEM,TD,-0.249
140,AEM,TLT,0.666
141,AEM,TNA,-0.173
142,AEM,TRMB,0.581
143,AEM,TXN,0.724
144,AEM,V,0.808
145,AEM,VERU,0.306
146,AEM,WMT,0.838
147,AEM,WWR,-0.176
148,AEM,XBI,0.664
149,AEM,XHB,0.746
150,AEM,XLE,-0.622
151,AEZS,ALGN,-0.185
152,AEZS,ALXN,0.346
153,AEZS,AMD,-0.662
154,AEZS,AMGN,-0.747
155,AEZS,AMZN,-0.556
156,AEZS,APPS,-0.381
157,AEZS,ARNA,-0.364
158,AEZS,ARWR,-0.59
159,AEZS,ATVI,-0.673
160,AEZS,BIDU,0.161
161,AEZS,BIIB,-0.378
162,AEZS,BIP,-0.56
163,AEZS,CLNE,-0.026
164,AEZS,CNI,-0.242
165,AEZS,CNQ,0.513
166,AEZS,CP,-0.525
167,AEZS,CRM,-0.486
168,AEZS,DDD,0.088
169,AEZS,DE,-0.34
170,AEZS,ERIC,-0.201
171,AEZS,EXAS,0.079
172,AEZS,FCEL,-0.087
173,AEZS,FLIR,0.457
174,AEZS,GLD,-0.791
175,AEZS,GOOG,-0.525
176,AEZS,GOOGL,-0.52
177,AEZS,HD,-0.641
178,AEZS,HIMX,-0.124
179,AEZS,HPQ,0.093
180,AEZS,IBB,-0.494
181,AEZS,ICE,-0.64
182,AEZS,ILMN,-0.095
183,AEZS,ILMN,-0.095
184,AEZS,IONS,0.864
185,AEZS,IRDM,-0.18
186,AEZS,IWM,-0.034
187,AEZS,IYR,0.265
188,AEZS,JPM,-0.004
189,AEZS,KOPN ,0.017
190,AEZS,KTOS,-0.092
191,AEZS,LLY,-0.449
192,AEZS,MA,-0.675
193,AEZS,MRK,-0.026
194,AEZS,MSFT,-0.713
195,AEZS,MSTR,-0.084
196,AEZS,MTSL,0.176
197,AEZS,MVIS,-0.111
198,AEZS,NVAX,-0.394
199,AEZS,NVDA,-0.621
200,AEZS,PENN,-0.383
201,AEZS,PERI,-0.393
202,AEZS,PFE,0.575
203,AEZS,PTC,0.08
204,AEZS,QCOM,-0.544
205,AEZS,QQQ,-0.589
206,AEZS,RIO,-0.03
207,AEZS,SGEN,-0.733
208,AEZS,SIVB,-0.142
209,AEZS,SLV,-0.541
210,AEZS,SPY,-0.457
211,AEZS,SSYS,0.434
212,AEZS,STAA,-0.382
213,AEZS,TD,0.454
214,AEZS,TLT,-0.816
215,AEZS,TNA,0.385
216,AEZS,TRMB,-0.245
217,AEZS,TXN,-0.469
218,AEZS,V,-0.668
219,AEZS,VERU,-0.254
220,AEZS,WMT,-0.757
221,AEZS,WWR,0.588
222,AEZS,XBI,-0.392
223,AEZS,XHB,-0.413
224,AEZS,XLE,0.754
225,ALGN,ALXN,0.766
226,ALGN,AMD,0.737
227,ALGN,AMGN,0.345
228,ALGN,AMZN,0.7
229,ALGN,APPS,0.892
230,ALGN,ARNA,0.747
231,ALGN,ARWR,0.767
232,ALGN,ATVI,0.679
233,ALGN,BIDU,0.803
234,ALGN,BIIB,-0.128
235,ALGN,BIP,0.668
236,ALGN,CLNE,0.79
237,ALGN,CNI,0.801
238,ALGN,CNQ,0.117
239,ALGN,CP,0.861
240,ALGN,CRM,0.727
241,ALGN,DDD,0.614
242,ALGN,DE,0.914
243,ALGN,ERIC,0.882
244,ALGN,EXAS,0.712
245,ALGN,FCEL,0.808
246,ALGN,FLIR,0.011
247,ALGN,GLD,0.469
248,ALGN,GOOG,0.83
249,ALGN,GOOGL,0.831
250,ALGN,HD,0.618
251,ALGN,HIMX,0.819
252,ALGN,HPQ,0.724
253,ALGN,IBB,0.802
254,ALGN,ICE,0.687
255,ALGN,ILMN,0.639
256,ALGN,ILMN,0.639
257,ALGN,IONS,-0.164
258,ALGN,IRDM,0.864
259,ALGN,IWM,0.848
260,ALGN,IYR,0.005
261,ALGN,JPM,0.396
262,ALGN,KOPN ,0.698
263,ALGN,KTOS,0.737
264,ALGN,LLY,0.64
265,ALGN,MA,0.598
266,ALGN,MRK,-0.166
267,ALGN,MSFT,0.663
268,ALGN,MSTR,0.765
269,ALGN,MTSL,0.649
270,ALGN,MVIS,0.754
271,ALGN,NVAX,0.751
272,ALGN,NVDA,0.733
273,ALGN,PENN,0.899
274,ALGN,PERI,0.751
275,ALGN,PFE,0.269
276,ALGN,PTC,0.914
277,ALGN,QCOM,0.874
278,ALGN,QQQ,0.812
279,ALGN,RIO,0.904
280,ALGN,SGEN,0.58
281,ALGN,SIVB,0.933
282,ALGN,SLV,0.714
283,ALGN,SPY,0.848
284,ALGN,SSYS,0.389
285,ALGN,STAA,0.885
286,ALGN,TD,0.259
287,ALGN,TLT,0.126
288,ALGN,TNA,0.428
289,ALGN,TRMB,0.942
290,ALGN,TXN,0.838
291,ALGN,V,0.588
292,ALGN,VERU,0.693
293,ALGN,WMT,0.666
294,ALGN,WWR,0.513
295,ALGN,XBI,0.893
296,ALGN,XHB,0.832
297,ALGN,XLE,-0.271
298,ALXN,AMD,0.302
299,ALXN,AMGN,-0.031
300,ALXN,AMZN,0.338
301,ALXN,APPS,0.618
302,ALXN,ARNA,0.52
303,ALXN,ARWR,0.41
304,ALXN,ATVI,0.275
305,ALXN,BIDU,0.835
306,ALXN,BIIB,-0.303
307,ALXN,BIP,0.311
308,ALXN,CLNE,0.72
309,ALXN,CNI,0.596
310,ALXN,CNQ,0.367
311,ALXN,CP,0.501
312,ALXN,CRM,0.373
313,ALXN,DDD,0.615
314,ALXN,DE,0.658
315,ALXN,ERIC,0.645
316,ALXN,EXAS,0.729
317,ALXN,FCEL,0.709
318,ALXN,FLIR,0.311
319,ALXN,GLD,0.013
320,ALXN,GOOG,0.446
321,ALXN,GOOGL,0.449
322,ALXN,HD,0.22
323,ALXN,HIMX,0.65
324,ALXN,HPQ,0.692
325,ALXN,IBB,0.504
326,ALXN,ICE,0.33
327,ALXN,ILMN,0.591
328,ALXN,ILMN,0.591
329,ALXN,IONS,0.37
330,ALXN,IRDM,0.704
331,ALXN,IWM,0.764
332,ALXN,IYR,0.131
333,ALXN,JPM,0.351
334,ALXN,KOPN ,0.636
335,ALXN,KTOS,0.657
336,ALXN,LLY,0.385
337,ALXN,MA,0.179
338,ALXN,MRK,-0.105
339,ALXN,MSFT,0.221
340,ALXN,MSTR,0.65
341,ALXN,MTSL,0.708
342,ALXN,MVIS,0.635
343,ALXN,NVAX,0.444
344,ALXN,NVDA,0.323
345,ALXN,PENN,0.625
346,ALXN,PERI,0.483
347,ALXN,PFE,0.518
348,ALXN,PTC,0.864
349,ALXN,QCOM,0.499
350,ALXN,QQQ,0.425
351,ALXN,RIO,0.828
352,ALXN,SGEN,0.161
353,ALXN,SIVB,0.774
354,ALXN,SLV,0.35
355,ALXN,SPY,0.528
356,ALXN,SSYS,0.635
357,ALXN,STAA,0.604
358,ALXN,TD,0.495
359,ALXN,TLT,-0.312
360,ALXN,TNA,0.598
361,ALXN,TRMB,0.731
362,ALXN,TXN,0.529
363,ALXN,V,0.175
364,ALXN,VERU,0.528
365,ALXN,WMT,0.213
366,ALXN,WWR,0.768
367,ALXN,XBI,0.63
368,ALXN,XHB,0.524
369,ALXN,XLE,0.17
370,AMD,AMGN,0.744
371,AMD,AMZN,0.939
372,AMD,APPS,0.844
373,AMD,ARNA,0.787
374,AMD,ARWR,0.757
375,AMD,ATVI,0.945
376,AMD,BIDU,0.444
377,AMD,BIIB,0.198
378,AMD,BIP,0.714
379,AMD,CLNE,0.523
380,AMD,CNI,0.732
381,AMD,CNQ,-0.374
382,AMD,CP,0.919
383,AMD,CRM,0.893
384,AMD,DDD,0.309
385,AMD,DE,0.807
386,AMD,ERIC,0.781
387,AMD,EXAS,0.362
388,AMD,FCEL,0.596
389,AMD,FLIR,-0.45
390,AMD,GLD,0.914
391,AMD,GOOG,0.899
392,AMD,GOOGL,0.897
393,AMD,HD,0.869
394,AMD,HIMX,0.631
395,AMD,HPQ,0.365
396,AMD,IBB,0.901
397,AMD,ICE,0.835
398,AMD,ILMN,0.511
399,AMD,ILMN,0.511
400,AMD,IONS,-0.62
401,AMD,IRDM,0.691
402,AMD,IWM,0.511
403,AMD,IYR,-0.31
404,AMD,JPM,0.053
405,AMD,KOPN ,0.476
406,AMD,KTOS,0.478
407,AMD,LLY,0.796
408,AMD,MA,0.857
409,AMD,MRK,-0.158
410,AMD,MSFT,0.956
411,AMD,MSTR,0.521
412,AMD,MTSL,0.369
413,AMD,MVIS,0.562
414,AMD,NVAX,0.838
415,AMD,NVDA,0.974
416,AMD,PENN,0.871
417,AMD,PERI,0.708
418,AMD,PFE,-0.156
419,AMD,PTC,0.588
420,AMD,QCOM,0.911
421,AMD,QQQ,0.969
422,AMD,RIO,0.622
423,AMD,SGEN,0.909
424,AMD,SIVB,0.668
425,AMD,SLV,0.899
426,AMD,SPY,0.845
427,AMD,SSYS,-0.068
428,AMD,STAA,0.842
429,AMD,TD,-0.259
430,AMD,TLT,0.694
431,AMD,TNA,-0.095
432,AMD,TRMB,0.783
433,AMD,TXN,0.843
434,AMD,V,0.823
435,AMD,VERU,0.594
436,AMD,WMT,0.932
437,AMD,WWR,0.01
438,AMD,XBI,0.877
439,AMD,XHB,0.798
440,AMD,XLE,-0.758
441,AMGN,AMZN,0.693
442,AMGN,APPS,0.491
443,AMGN,ARNA,0.449
444,AMGN,ARWR,0.68
445,AMGN,ATVI,0.802
446,AMGN,BIDU,0.172
447,AMGN,BIIB,0.497
448,AMGN,BIP,0.637
449,AMGN,CLNE,0.223
450,AMGN,CNI,0.398
451,AMGN,CNQ,-0.339
452,AMGN,CP,0.625
453,AMGN,CRM,0.641
454,AMGN,DDD,0.14
455,AMGN,DE,0.462
456,AMGN,ERIC,0.425
457,AMGN,EXAS,0.016
458,AMGN,FCEL,0.31
459,AMGN,FLIR,-0.328
460,AMGN,GLD,0.813
461,AMGN,GOOG,0.709
462,AMGN,GOOGL,0.707
463,AMGN,HD,0.737
464,AMGN,HIMX,0.312
465,AMGN,HPQ,0.066
466,AMGN,IBB,0.754
467,AMGN,ICE,0.671
468,AMGN,ILMN,0.433
469,AMGN,ILMN,0.433
470,AMGN,IONS,-0.51
471,AMGN,IRDM,0.391
472,AMGN,IWM,0.244
473,AMGN,IYR,-0.224
474,AMGN,JPM,0.069
475,AMGN,KOPN ,0.212
476,AMGN,KTOS,0.117
477,AMGN,LLY,0.713
478,AMGN,MA,0.751
479,AMGN,MRK,0.135
480,AMGN,MSFT,0.816
481,AMGN,MSTR,0.25
482,AMGN,MTSL,0.195
483,AMGN,MVIS,0.299
484,AMGN,NVAX,0.587
485,AMGN,NVDA,0.74
486,AMGN,PENN,0.532
487,AMGN,PERI,0.504
488,AMGN,PFE,-0.353
489,AMGN,PTC,0.204
490,AMGN,QCOM,0.596
491,AMGN,QQQ,0.736
492,AMGN,RIO,0.289
493,AMGN,SGEN,0.84
494,AMGN,SIVB,0.341
495,AMGN,SLV,0.653
496,AMGN,SPY,0.641
497,AMGN,SSYS,-0.239
498,AMGN,STAA,0.577
499,AMGN,TD,-0.373
500,AMGN,TLT,0.717
501,AMGN,TNA,-0.208
502,AMGN,TRMB,0.41
503,AMGN,TXN,0.576
504,AMGN,V,0.745
505,AMGN,VERU,0.381
506,AMGN,WMT,0.741
507,AMGN,WWR,-0.348
508,AMGN,XBI,0.627
509,AMGN,XHB,0.558
510,AMGN,XLE,-0.644
511,AMZN,APPS,0.793
512,AMZN,ARNA,0.867
513,AMZN,ARWR,0.618
514,AMZN,ATVI,0.932
515,AMZN,BIDU,0.416
516,AMZN,BIIB,0.091
517,AMZN,BIP,0.574
518,AMZN,CLNE,0.474
519,AMZN,CNI,0.722
520,AMZN,CNQ,-0.458
521,AMZN,CP,0.858
522,AMZN,CRM,0.897
523,AMZN,DDD,0.247
524,AMZN,DE,0.743
525,AMZN,ERIC,0.821
526,AMZN,EXAS,0.362
527,AMZN,FCEL,0.544
528,AMZN,FLIR,-0.509
529,AMZN,GLD,0.904
530,AMZN,GOOG,0.845
531,AMZN,GOOGL,0.844
532,AMZN,HD,0.876
533,AMZN,HIMX,0.575
534,AMZN,HPQ,0.243
535,AMZN,IBB,0.887
536,AMZN,ICE,0.744
537,AMZN,ILMN,0.592
538,AMZN,ILMN,0.592
539,AMZN,IONS,-0.521
540,AMZN,IRDM,0.632
541,AMZN,IWM,0.426
542,AMZN,IYR,-0.399
543,AMZN,JPM,-0.136
544,AMZN,KOPN ,0.5
545,AMZN,KTOS,0.42
546,AMZN,LLY,0.783
547,AMZN,MA,0.782
548,AMZN,MRK,-0.279
549,AMZN,MSFT,0.944
550,AMZN,MSTR,0.452
551,AMZN,MTSL,0.408
552,AMZN,MVIS,0.537
553,AMZN,NVAX,0.877
554,AMZN,NVDA,0.97
555,AMZN,PENN,0.824
556,AMZN,PERI,0.583
557,AMZN,PFE,-0.139
558,AMZN,PTC,0.581
559,AMZN,QCOM,0.847
560,AMZN,QQQ,0.948
561,AMZN,RIO,0.616
562,AMZN,SGEN,0.898
563,AMZN,SIVB,0.597
564,AMZN,SLV,0.879
565,AMZN,SPY,0.777
566,AMZN,SSYS,-0.08
567,AMZN,STAA,0.827
568,AMZN,TD,-0.333
569,AMZN,TLT,0.693
570,AMZN,TNA,-0.209
571,AMZN,TRMB,0.746
572,AMZN,TXN,0.79
573,AMZN,V,0.752
574,AMZN,VERU,0.497
575,AMZN,WMT,0.876
576,AMZN,WWR,0.077
577,AMZN,XBI,0.86
578,AMZN,XHB,0.749
579,AMZN,XLE,-0.759
580,APPS,ARNA,0.811
581,APPS,ARWR,0.808
582,APPS,ATVI,0.827
583,APPS,BIDU,0.755
584,APPS,BIIB,-0.043
585,APPS,BIP,0.728
586,APPS,CLNE,0.84
587,APPS,CNI,0.785
588,APPS,CNQ,-0.108
589,APPS,CP,0.913
590,APPS,CRM,0.79
591,APPS,DDD,0.663
592,APPS,DE,0.955
593,APPS,ERIC,0.826
594,APPS,EXAS,0.654
595,APPS,FCEL,0.854
596,APPS,FLIR,-0.139
597,APPS,GLD,0.656
598,APPS,GOOG,0.89
599,APPS,GOOGL,0.889
600,APPS,HD,0.74
601,APPS,HIMX,0.861
602,APPS,HPQ,0.631
603,APPS,IBB,0.857
604,APPS,ICE,0.811
605,APPS,ILMN,0.613
606,APPS,ILMN,0.613
607,APPS,IONS,-0.366
608,APPS,IRDM,0.886
609,APPS,IWM,0.78
610,APPS,IYR,-0.094
611,APPS,JPM,0.291
612,APPS,KOPN ,0.782
613,APPS,KTOS,0.739
614,APPS,LLY,0.745
615,APPS,MA,0.696
616,APPS,MRK,-0.206
617,APPS,MSFT,0.792
618,APPS,MSTR,0.845
619,APPS,MTSL,0.655
620,APPS,MVIS,0.849
621,APPS,NVAX,0.875
622,APPS,NVDA,0.843
623,APPS,PENN,0.976
624,APPS,PERI,0.878
625,APPS,PFE,-0.032
626,APPS,PTC,0.808
627,APPS,QCOM,0.914
628,APPS,QQQ,0.896
629,APPS,RIO,0.814
630,APPS,SGEN,0.695
631,APPS,SIVB,0.9
632,APPS,SLV,0.837
633,APPS,SPY,0.865
634,APPS,SSYS,0.381
635,APPS,STAA,0.944
636,APPS,TD,0.101
637,APPS,TLT,0.354
638,APPS,TNA,0.284
639,APPS,TRMB,0.922
640,APPS,TXN,0.917
641,APPS,V,0.664
642,APPS,VERU,0.8
643,APPS,WMT,0.806
644,APPS,WWR,0.369
645,APPS,XBI,0.927
646,APPS,XHB,0.862
647,APPS,XLE,-0.473
648,ARNA,ARWR,0.592
649,ARNA,ATVI,0.77
650,ARNA,BIDU,0.475
651,ARNA,BIIB,-0.112
652,ARNA,BIP,0.556
653,ARNA,CLNE,0.552
654,ARNA,CNI,0.799
655,ARNA,CNQ,-0.274
656,ARNA,CP,0.849
657,ARNA,CRM,0.816
658,ARNA,DDD,0.339
659,ARNA,DE,0.786
660,ARNA,ERIC,0.812
661,ARNA,EXAS,0.633
662,ARNA,FCEL,0.552
663,ARNA,FLIR,-0.281
664,ARNA,GLD,0.712
665,ARNA,GOOG,0.739
666,ARNA,GOOGL,0.738
667,ARNA,HD,0.802
668,ARNA,HIMX,0.589
669,ARNA,HPQ,0.398
670,ARNA,IBB,0.78
671,ARNA,ICE,0.724
672,ARNA,ILMN,0.596
673,ARNA,ILMN,0.596
674,ARNA,IONS,-0.369
675,ARNA,IRDM,0.645
676,ARNA,IWM,0.557
677,ARNA,IYR,-0.184
678,ARNA,JPM,-0.001
679,ARNA,KOPN ,0.583
680,ARNA,KTOS,0.66
681,ARNA,LLY,0.608
682,ARNA,MA,0.702
683,ARNA,MRK,-0.211
684,ARNA,MSFT,0.786
685,ARNA,MSTR,0.529
686,ARNA,MTSL,0.426
687,ARNA,MVIS,0.603
688,ARNA,NVAX,0.791
689,ARNA,NVDA,0.832
690,ARNA,PENN,0.828
691,ARNA,PERI,0.6
692,ARNA,PFE,0.008
693,ARNA,PTC,0.643
694,ARNA,QCOM,0.802
695,ARNA,QQQ,0.843
696,ARNA,RIO,0.701
697,ARNA,SGEN,0.723
698,ARNA,SIVB,0.664
699,ARNA,SLV,0.803
700,ARNA,SPY,0.763
701,ARNA,SSYS,0.154
702,ARNA,STAA,0.802
703,ARNA,TD,-0.068
704,ARNA,TLT,0.433
705,ARNA,TNA,0.017
706,ARNA,TRMB,0.802
707,ARNA,TXN,0.805
708,ARNA,V,0.671
709,ARNA,VERU,0.508
710,ARNA,WMT,0.757
711,ARNA,WWR,0.277
712,ARNA,XBI,0.814
713,ARNA,XHB,0.786
714,ARNA,XLE,-0.529
715,ARWR,ATVI,0.748
716,ARWR,BIDU,0.559
717,ARWR,BIIB,0.154
718,ARWR,BIP,0.832
719,ARWR,CLNE,0.643
720,ARWR,CNI,0.634
721,ARWR,CNQ,0.037
722,ARWR,CP,0.838
723,ARWR,CRM,0.634
724,ARWR,DDD,0.517
725,ARWR,DE,0.812
726,ARWR,ERIC,0.636
727,ARWR,EXAS,0.539
728,ARWR,FCEL,0.662
729,ARWR,FLIR,0.006
730,ARWR,GLD,0.61
731,ARWR,GOOG,0.846
732,ARWR,GOOGL,0.845
733,ARWR,HD,0.672
734,ARWR,HIMX,0.667
735,ARWR,HPQ,0.581
736,ARWR,IBB,0.804
737,ARWR,ICE,0.827
738,ARWR,ILMN,0.531
739,ARWR,ILMN,0.531
740,ARWR,IONS,-0.401
741,ARWR,IRDM,0.732
742,ARWR,IWM,0.731
743,ARWR,IYR,0.059
744,ARWR,JPM,0.531
745,ARWR,KOPN ,0.522
746,ARWR,KTOS,0.611
747,ARWR,LLY,0.65
748,ARWR,MA,0.733
749,ARWR,MRK,0.112
750,ARWR,MSFT,0.743
751,ARWR,MSTR,0.672
752,ARWR,MTSL,0.418
753,ARWR,MVIS,0.65
754,ARWR,NVAX,0.655
755,ARWR,NVDA,0.71
756,ARWR,PENN,0.788
757,ARWR,PERI,0.827
758,ARWR,PFE,-0.076
759,ARWR,PTC,0.597
760,ARWR,QCOM,0.838
761,ARWR,QQQ,0.8
762,ARWR,RIO,0.664
763,ARWR,SGEN,0.695
764,ARWR,SIVB,0.784
765,ARWR,SLV,0.699
766,ARWR,SPY,0.852
767,ARWR,SSYS,0.216
768,ARWR,STAA,0.817
769,ARWR,TD,0.132
770,ARWR,TLT,0.364
771,ARWR,TNA,0.333
772,ARWR,TRMB,0.772
773,ARWR,TXN,0.836
774,ARWR,V,0.738
775,ARWR,VERU,0.705
776,ARWR,WMT,0.785
777,ARWR,WWR,0.062
778,ARWR,XBI,0.823
779,ARWR,XHB,0.793
780,ARWR,XLE,-0.384
781,ATVI,BIDU,0.474
782,ATVI,BIIB,0.233
783,ATVI,BIP,0.679
784,ATVI,CLNE,0.574
785,ATVI,CNI,0.624
786,ATVI,CNQ,-0.419
787,ATVI,CP,0.861
788,ATVI,CRM,0.82
789,ATVI,DDD,0.388
790,ATVI,DE,0.751
791,ATVI,ERIC,0.72
792,ATVI,EXAS,0.326
793,ATVI,FCEL,0.638
794,ATVI,FLIR,-0.396
795,ATVI,GLD,0.923
796,ATVI,GOOG,0.906
797,ATVI,GOOGL,0.905
798,ATVI,HD,0.876
799,ATVI,HIMX,0.663
800,ATVI,HPQ,0.279
801,ATVI,IBB,0.937
802,ATVI,ICE,0.831
803,ATVI,ILMN,0.623
804,ATVI,ILMN,0.623
805,ATVI,IONS,-0.576
806,ATVI,IRDM,0.698
807,ATVI,IWM,0.473
808,ATVI,IYR,-0.347
809,ATVI,JPM,0.02
810,ATVI,KOPN ,0.561
811,ATVI,KTOS,0.44
812,ATVI,LLY,0.881
813,ATVI,MA,0.816
814,ATVI,MRK,-0.235
815,ATVI,MSFT,0.975
816,ATVI,MSTR,0.574
817,ATVI,MTSL,0.446
818,ATVI,MVIS,0.639
819,ATVI,NVAX,0.884
820,ATVI,NVDA,0.954
821,ATVI,PENN,0.841
822,ATVI,PERI,0.746
823,ATVI,PFE,-0.287
824,ATVI,PTC,0.549
825,ATVI,QCOM,0.849
826,ATVI,QQQ,0.958
827,ATVI,RIO,0.592
828,ATVI,SGEN,0.929
829,ATVI,SIVB,0.638
830,ATVI,SLV,0.859
831,ATVI,SPY,0.807
832,ATVI,SSYS,-0.001
833,ATVI,STAA,0.858
834,ATVI,TD,-0.322
835,ATVI,TLT,0.743
836,ATVI,TNA,-0.135
837,ATVI,TRMB,0.736
838,ATVI,TXN,0.818
839,ATVI,V,0.802
840,ATVI,VERU,0.672
841,ATVI,WMT,0.897
842,ATVI,WWR,-0.052
843,ATVI,XBI,0.89
844,ATVI,XHB,0.753
845,ATVI,XLE,-0.765
846,BIDU,BIIB,-0.062
847,BIDU,BIP,0.457
848,BIDU,CLNE,0.906
849,BIDU,CNI,0.55
850,BIDU,CNQ,0.302
851,BIDU,CP,0.592
852,BIDU,CRM,0.447
853,BIDU,DDD,0.853
854,BIDU,DE,0.75
855,BIDU,ERIC,0.65
856,BIDU,EXAS,0.62
857,BIDU,FCEL,0.907
858,BIDU,FLIR,0.269
859,BIDU,GLD,0.167
860,BIDU,GOOG,0.649
861,BIDU,GOOGL,0.652
862,BIDU,HD,0.323
863,BIDU,HIMX,0.877
864,BIDU,HPQ,0.758
865,BIDU,IBB,0.637
866,BIDU,ICE,0.438
867,BIDU,ILMN,0.646
868,BIDU,ILMN,0.646
869,BIDU,IONS,0.205
870,BIDU,IRDM,0.879
871,BIDU,IWM,0.823
872,BIDU,IYR,0.101
873,BIDU,JPM,0.461
874,BIDU,KOPN ,0.835
875,BIDU,KTOS,0.635
876,BIDU,LLY,0.618
877,BIDU,MA,0.302
878,BIDU,MRK,-0.208
879,BIDU,MSFT,0.395
880,BIDU,MSTR,0.869
881,BIDU,MTSL,0.89
882,BIDU,MVIS,0.851
883,BIDU,NVAX,0.632
884,BIDU,NVDA,0.458
885,BIDU,PENN,0.747
886,BIDU,PERI,0.749
887,BIDU,PFE,0.24
888,BIDU,PTC,0.9
889,BIDU,QCOM,0.587
890,BIDU,QQQ,0.563
891,BIDU,RIO,0.831
892,BIDU,SGEN,0.278
893,BIDU,SIVB,0.887
894,BIDU,SLV,0.475
895,BIDU,SPY,0.634
896,BIDU,SSYS,0.7
897,BIDU,STAA,0.753
898,BIDU,TD,0.399
899,BIDU,TLT,-0.149
900,BIDU,TNA,0.619
901,BIDU,TRMB,0.779
902,BIDU,TXN,0.638
903,BIDU,V,0.288
904,BIDU,VERU,0.782
905,BIDU,WMT,0.315
906,BIDU,WWR,0.636
907,BIDU,XBI,0.736
908,BIDU,XHB,0.61
909,BIDU,XLE,0.011
910,BIIB,BIP,0.133
911,BIIB,CLNE,-0.094
912,BIIB,CNI,-0.225
913,BIIB,CNQ,-0.246
914,BIIB,CP,0.022
915,BIIB,CRM,0.099
916,BIIB,DDD,0.021
917,BIIB,DE,-0.085
918,BIIB,ERIC,-0.125
919,BIIB,EXAS,-0.439
920,BIIB,FCEL,0.017
921,BIIB,FLIR,-0.165
922,BIIB,GLD,0.271
923,BIIB,GOOG,0.167
924,BIIB,GOOGL,0.166
925,BIIB,HD,0.089
926,BIIB,HIMX,0.034
927,BIIB,HPQ,-0.144
928,BIIB,IBB,0.243
929,BIIB,ICE,0.048
930,BIIB,ILMN,-0.019
931,BIIB,ILMN,-0.019
932,BIIB,IONS,-0.33
933,BIIB,IRDM,-0.022
934,BIIB,IWM,-0.173
935,BIIB,IYR,-0.226
936,BIIB,JPM,-0.018
937,BIIB,KOPN ,-0.09
938,BIIB,KTOS,-0.276
939,BIIB,LLY,0.348
940,BIIB,MA,0.163
941,BIIB,MRK,0.021
942,BIIB,MSFT,0.259
943,BIIB,MSTR,-0.052
944,BIIB,MTSL,-0.047
945,BIIB,MVIS,-0.037
946,BIIB,NVAX,0.051
947,BIIB,NVDA,0.176
948,BIIB,PENN,0.001
949,BIIB,PERI,0.115
950,BIIB,PFE,-0.301
951,BIIB,PTC,-0.149
952,BIIB,QCOM,-0.027
953,BIIB,QQQ,0.13
954,BIIB,RIO,-0.217
955,BIIB,SGEN,0.333
956,BIIB,SIVB,-0.079
957,BIIB,SLV,0.019
958,BIIB,SPY,0.041
959,BIIB,SSYS,-0.242
960,BIIB,STAA,0.04
961,BIIB,TD,-0.39
962,BIIB,TLT,0.36
963,BIIB,TNA,-0.236
964,BIIB,TRMB,-0.133
965,BIIB,TXN,-0.08
966,BIIB,V,0.154
967,BIIB,VERU,0.118
968,BIIB,WMT,0.137
969,BIIB,WWR,-0.42
970,BIIB,XBI,0.08
971,BIIB,XHB,-0.054
972,BIIB,XLE,-0.339
973,BIP,CLNE,0.526
974,BIP,CNI,0.742
975,BIP,CNQ,0.176
976,BIP,CP,0.837
977,BIP,CRM,0.695
978,BIP,DDD,0.429
979,BIP,DE,0.797
980,BIP,ERIC,0.591
981,BIP,EXAS,0.507
982,BIP,FCEL,0.538
983,BIP,FLIR,0.106
984,BIP,GLD,0.594
985,BIP,GOOG,0.826
986,BIP,GOOGL,0.825
987,BIP,HD,0.789
988,BIP,HIMX,0.581
989,BIP,HPQ,0.629
990,BIP,IBB,0.702
991,BIP,ICE,0.879
992,BIP,ILMN,0.409
993,BIP,ILMN,0.409
994,BIP,IONS,-0.387
995,BIP,IRDM,0.699
996,BIP,IWM,0.76
997,BIP,IYR,0.349
998,BIP,JPM,0.61
999,BIP,KOPN ,0.407
1000,BIP,KTOS,0.624
1001,BIP,LLY,0.529
1002,BIP,MA,0.858
1003,BIP,MRK,0.264
1004,BIP,MSFT,0.71
1005,BIP,MSTR,0.561
1006,BIP,MTSL,0.354
1007,BIP,MVIS,0.515
1008,BIP,NVAX,0.572
1009,BIP,NVDA,0.675
1010,BIP,PENN,0.771
1011,BIP,PERI,0.76
1012,BIP,PFE,-0.051
1013,BIP,PTC,0.558
1014,BIP,QCOM,0.816
1015,BIP,QQQ,0.772
1016,BIP,RIO,0.611
1017,BIP,SGEN,0.622
1018,BIP,SIVB,0.73
1019,BIP,SLV,0.744
1020,BIP,SPY,0.906
1021,BIP,SSYS,0.143
1022,BIP,STAA,0.693
1023,BIP,TD,0.278
1024,BIP,TLT,0.312
1025,BIP,TNA,0.397
1026,BIP,TRMB,0.767
1027,BIP,TXN,0.848
1028,BIP,V,0.856
1029,BIP,VERU,0.565
1030,BIP,WMT,0.742
1031,BIP,WWR,0.046
1032,BIP,XBI,0.724
1033,BIP,XHB,0.887
1034,BIP,XLE,-0.276
1035,CLNE,CNI,0.541
1036,CLNE,CNQ,0.167
1037,CLNE,CP,0.661
1038,CLNE,CRM,0.441
1039,CLNE,DDD,0.92
1040,CLNE,DE,0.783
1041,CLNE,ERIC,0.639
1042,CLNE,EXAS,0.669
1043,CLNE,FCEL,0.958
1044,CLNE,FLIR,0.245
1045,CLNE,GLD,0.29
1046,CLNE,GOOG,0.698
1047,CLNE,GOOGL,0.698
1048,CLNE,HD,0.408
1049,CLNE,HIMX,0.946
1050,CLNE,HPQ,0.731
1051,CLNE,IBB,0.674
1052,CLNE,ICE,0.596
1053,CLNE,ILMN,0.687
1054,CLNE,ILMN,0.687
1055,CLNE,IONS,0.014
1056,CLNE,IRDM,0.911
1057,CLNE,IWM,0.813
1058,CLNE,IYR,0.064
1059,CLNE,JPM,0.461
1060,CLNE,KOPN ,0.906
1061,CLNE,KTOS,0.768
1062,CLNE,LLY,0.668
1063,CLNE,MA,0.4
1064,CLNE,MRK,-0.227
1065,CLNE,MSFT,0.499
1066,CLNE,MSTR,0.977
1067,CLNE,MTSL,0.807
1068,CLNE,MVIS,0.935
1069,CLNE,NVAX,0.718
1070,CLNE,NVDA,0.509
1071,CLNE,PENN,0.794
1072,CLNE,PERI,0.869
1073,CLNE,PFE,0.094
1074,CLNE,PTC,0.845
1075,CLNE,QCOM,0.649
1076,CLNE,QQQ,0.627
1077,CLNE,RIO,0.806
1078,CLNE,SGEN,0.34
1079,CLNE,SIVB,0.89
1080,CLNE,SLV,0.536
1081,CLNE,SPY,0.67
1082,CLNE,SSYS,0.752
1083,CLNE,STAA,0.796
1084,CLNE,TD,0.34
1085,CLNE,TLT,0.022
1086,CLNE,TNA,0.549
1087,CLNE,TRMB,0.807
1088,CLNE,TXN,0.705
1089,CLNE,V,0.393
1090,CLNE,VERU,0.906
1091,CLNE,WMT,0.454
1092,CLNE,WWR,0.507
1093,CLNE,XBI,0.773
1094,CLNE,XHB,0.642
1095,CLNE,XLE,-0.116
1096,CNI,CNQ,0.154
1097,CNI,CP,0.885
1098,CNI,CRM,0.821
1099,CNI,DDD,0.318
1100,CNI,DE,0.871
1101,CNI,ERIC,0.859
1102,CNI,EXAS,0.678
1103,CNI,FCEL,0.522
1104,CNI,FLIR,-0.04
1105,CNI,GLD,0.546
1106,CNI,GOOG,0.744
1107,CNI,GOOGL,0.744
1108,CNI,HD,0.782
1109,CNI,HIMX,0.558
1110,CNI,HPQ,0.657
1111,CNI,IBB,0.672
1112,CNI,ICE,0.75
1113,CNI,ILMN,0.493
1114,CNI,ILMN,0.493
1115,CNI,IONS,-0.197
1116,CNI,IRDM,0.691
1117,CNI,IWM,0.784
1118,CNI,IYR,0.194
1119,CNI,JPM,0.355
1120,CNI,KOPN ,0.489
1121,CNI,KTOS,0.718
1122,CNI,LLY,0.422
1123,CNI,MA,0.768
1124,CNI,MRK,0.125
1125,CNI,MSFT,0.647
1126,CNI,MSTR,0.513
1127,CNI,MTSL,0.442
1128,CNI,MVIS,0.536
1129,CNI,NVAX,0.673
1130,CNI,NVDA,0.73
1131,CNI,PENN,0.838
1132,CNI,PERI,0.594
1133,CNI,PFE,0.262
1134,CNI,PTC,0.739
1135,CNI,QCOM,0.85
1136,CNI,QQQ,0.791
1137,CNI,RIO,0.82
1138,CNI,SGEN,0.555
1139,CNI,SIVB,0.772
1140,CNI,SLV,0.844
1141,CNI,SPY,0.884
1142,CNI,SSYS,0.167
1143,CNI,STAA,0.719
1144,CNI,TD,0.317
1145,CNI,TLT,0.15
1146,CNI,TNA,0.367
1147,CNI,TRMB,0.884
1148,CNI,TXN,0.864
1149,CNI,V,0.726
1150,CNI,VERU,0.427
1151,CNI,WMT,0.686
1152,CNI,WWR,0.392
1153,CNI,XBI,0.755
1154,CNI,XHB,0.922
1155,CNI,XLE,-0.221
1156,CNQ,CP,-0.085
1157,CNQ,CRM,-0.248
1158,CNQ,DDD,0.256
1159,CNQ,DE,0.054
1160,CNQ,ERIC,-0.013
1161,CNQ,EXAS,0.343
1162,CNQ,FCEL,0.071
1163,CNQ,FLIR,0.853
1164,CNQ,GLD,-0.587
1165,CNQ,GOOG,-0.107
1166,CNQ,GOOGL,-0.102
1167,CNQ,HD,-0.235
1168,CNQ,HIMX,0.082
1169,CNQ,HPQ,0.583
1170,CNQ,IBB,-0.23
1171,CNQ,ICE,-0.056
1172,CNQ,ILMN,0.084
1173,CNQ,ILMN,0.084
1174,CNQ,IONS,0.636
1175,CNQ,IRDM,0.127
1176,CNQ,IWM,0.509
1177,CNQ,IYR,0.838
1178,CNQ,JPM,0.777
1179,CNQ,KOPN ,0.058
1180,CNQ,KTOS,0.32
1181,CNQ,LLY,-0.35
1182,CNQ,MA,-0.1
1183,CNQ,MRK,0.527
1184,CNQ,MSFT,-0.422
1185,CNQ,MSTR,0.145
1186,CNQ,MTSL,0.187
1187,CNQ,MVIS,0.054
1188,CNQ,NVAX,-0.286
1189,CNQ,NVDA,-0.421
1190,CNQ,PENN,-0.072
1191,CNQ,PERI,0.042
1192,CNQ,PFE,0.599
1193,CNQ,PTC,0.281
1194,CNQ,QCOM,-0.114
1195,CNQ,QQQ,-0.26
1196,CNQ,RIO,0.29
1197,CNQ,SGEN,-0.518
1198,CNQ,SIVB,0.249
1199,CNQ,SLV,-0.187
1200,CNQ,SPY,0.119
1201,CNQ,SSYS,0.474
1202,CNQ,STAA,-0.161
1203,CNQ,TD,0.906
1204,CNQ,TLT,-0.803
1205,CNQ,TNA,0.88
1206,CNQ,TRMB,0.14
1207,CNQ,TXN,0.007
1208,CNQ,V,-0.079
1209,CNQ,VERU,0.023
1210,CNQ,WMT,-0.396
1211,CNQ,WWR,0.411
1212,CNQ,XBI,-0.114
1213,CNQ,XHB,0.136
1214,CNQ,XLE,0.86
1215,CP,CRM,0.879
1216,CP,DDD,0.453
1217,CP,DE,0.926
1218,CP,ERIC,0.84
1219,CP,EXAS,0.623
1220,CP,FCEL,0.683
1221,CP,FLIR,-0.178
1222,CP,GLD,0.771
1223,CP,GOOG,0.924
1224,CP,GOOGL,0.923
1225,CP,HD,0.867
1226,CP,HIMX,0.724
1227,CP,HPQ,0.618
1228,CP,IBB,0.882
1229,CP,ICE,0.898
1230,CP,ILMN,0.576
1231,CP,ILMN,0.576
1232,CP,IONS,-0.452
1233,CP,IRDM,0.809
1234,CP,IWM,0.752
1235,CP,IYR,-0.024
1236,CP,JPM,0.325
1237,CP,KOPN ,0.587
1238,CP,KTOS,0.707
1239,CP,LLY,0.712
1240,CP,MA,0.884
1241,CP,MRK,-0.029
1242,CP,MSFT,0.88
1243,CP,MSTR,0.655
1244,CP,MTSL,0.465
1245,CP,MVIS,0.669
1246,CP,NVAX,0.816
1247,CP,NVDA,0.899
1248,CP,PENN,0.944
1249,CP,PERI,0.808
1250,CP,PFE,-0.006
1251,CP,PTC,0.739
1252,CP,QCOM,0.962
1253,CP,QQQ,0.955
1254,CP,RIO,0.792
1255,CP,SGEN,0.784
1256,CP,SIVB,0.835
1257,CP,SLV,0.902
1258,CP,SPY,0.954
1259,CP,SSYS,0.155
1260,CP,STAA,0.889
1261,CP,TD,0.068
1262,CP,TLT,0.454
1263,CP,TNA,0.217
1264,CP,TRMB,0.924
1265,CP,TXN,0.947
1266,CP,V,0.861
1267,CP,VERU,0.666
1268,CP,WMT,0.876
1269,CP,WWR,0.19
1270,CP,XBI,0.917
1271,CP,XHB,0.931
1272,CP,XLE,-0.518
1273,CRM,DDD,0.245
1274,CRM,DE,0.808
1275,CRM,ERIC,0.81
1276,CRM,EXAS,0.381
1277,CRM,FCEL,0.499
1278,CRM,FLIR,-0.403
1279,CRM,GLD,0.792
1280,CRM,GOOG,0.846
1281,CRM,GOOGL,0.845
1282,CRM,HD,0.866
1283,CRM,HIMX,0.546
1284,CRM,HPQ,0.39
1285,CRM,IBB,0.805
1286,CRM,ICE,0.721
1287,CRM,ILMN,0.447
1288,CRM,ILMN,0.447
1289,CRM,IONS,-0.489
1290,CRM,IRDM,0.616
1291,CRM,IWM,0.532
1292,CRM,IYR,-0.169
1293,CRM,JPM,0.054
1294,CRM,KOPN ,0.452
1295,CRM,KTOS,0.456
1296,CRM,LLY,0.644
1297,CRM,MA,0.828
1298,CRM,MRK,-0.115
1299,CRM,MSFT,0.863
1300,CRM,MSTR,0.44
1301,CRM,MTSL,0.382
1302,CRM,MVIS,0.507
1303,CRM,NVAX,0.768
1304,CRM,NVDA,0.929
1305,CRM,PENN,0.846
1306,CRM,PERI,0.59
1307,CRM,PFE,-0.054
1308,CRM,PTC,0.608
1309,CRM,QCOM,0.856
1310,CRM,QQQ,0.907
1311,CRM,RIO,0.617
1312,CRM,SGEN,0.813
1313,CRM,SIVB,0.655
1314,CRM,SLV,0.878
1315,CRM,SPY,0.833
1316,CRM,SSYS,-0.079
1317,CRM,STAA,0.793
1318,CRM,TD,-0.143
1319,CRM,TLT,0.502
1320,CRM,TNA,-0.017
1321,CRM,TRMB,0.773
1322,CRM,TXN,0.814
1323,CRM,V,0.779
1324,CRM,VERU,0.435
1325,CRM,WMT,0.834
1326,CRM,WWR,0.174
1327,CRM,XBI,0.803
1328,CRM,XHB,0.837
1329,CRM,XLE,-0.616
1330,DDD,DE,0.61
1331,DDD,ERIC,0.437
1332,DDD,EXAS,0.555
1333,DDD,FCEL,0.896
1334,DDD,FLIR,0.402
1335,DDD,GLD,0.092
1336,DDD,GOOG,0.551
1337,DDD,GOOGL,0.551
1338,DDD,HD,0.222
1339,DDD,HIMX,0.874
1340,DDD,HPQ,0.672
1341,DDD,IBB,0.515
1342,DDD,ICE,0.419
1343,DDD,ILMN,0.61
1344,DDD,ILMN,0.61
1345,DDD,IONS,0.128
1346,DDD,IRDM,0.814
1347,DDD,IWM,0.721
1348,DDD,IYR,0.163
1349,DDD,JPM,0.516
1350,DDD,KOPN ,0.86
1351,DDD,KTOS,0.651
1352,DDD,LLY,0.581
1353,DDD,MA,0.219
1354,DDD,MRK,-0.193
1355,DDD,MSFT,0.32
1356,DDD,MSTR,0.929
1357,DDD,MTSL,0.818
1358,DDD,MVIS,0.848
1359,DDD,NVAX,0.562
1360,DDD,NVDA,0.298
1361,DDD,PENN,0.615
1362,DDD,PERI,0.781
1363,DDD,PFE,0.078
1364,DDD,PTC,0.724
1365,DDD,QCOM,0.445
1366,DDD,QQQ,0.426
1367,DDD,RIO,0.64
1368,DDD,SGEN,0.156
1369,DDD,SIVB,0.78
1370,DDD,SLV,0.321
1371,DDD,SPY,0.504
1372,DDD,SSYS,0.866
1373,DDD,STAA,0.652
1374,DDD,TD,0.385
1375,DDD,TLT,-0.122
1376,DDD,TNA,0.611
1377,DDD,TRMB,0.622
1378,DDD,TXN,0.524
1379,DDD,V,0.217
1380,DDD,VERU,0.831
1381,DDD,WMT,0.247
1382,DDD,WWR,0.483
1383,DDD,XBI,0.599
1384,DDD,XHB,0.474
1385,DDD,XLE,0.043
1386,DE,ERIC,0.852
1387,DE,EXAS,0.696
1388,DE,FCEL,0.797
1389,DE,FLIR,-0.035
1390,DE,GLD,0.594
1391,DE,GOOG,0.876
1392,DE,GOOGL,0.875
1393,DE,HD,0.756
1394,DE,HIMX,0.793
1395,DE,HPQ,0.712
1396,DE,IBB,0.807
1397,DE,ICE,0.81
1398,DE,ILMN,0.569
1399,DE,ILMN,0.569
1400,DE,IONS,-0.297
1401,DE,IRDM,0.88
1402,DE,IWM,0.858
1403,DE,IYR,0.063
1404,DE,JPM,0.419
1405,DE,KOPN ,0.693
1406,DE,KTOS,0.762
1407,DE,LLY,0.633
1408,DE,MA,0.717
1409,DE,MRK,-0.058
1410,DE,MSFT,0.731
1411,DE,MSTR,0.783
1412,DE,MTSL,0.649
1413,DE,MVIS,0.763
1414,DE,NVAX,0.789
1415,DE,NVDA,0.805
1416,DE,PENN,0.961
1417,DE,PERI,0.819
1418,DE,PFE,0.095
1419,DE,PTC,0.83
1420,DE,QCOM,0.932
1421,DE,QQQ,0.872
1422,DE,RIO,0.857
1423,DE,SGEN,0.637
1424,DE,SIVB,0.931
1425,DE,SLV,0.847
1426,DE,SPY,0.915
1427,DE,SSYS,0.358
1428,DE,STAA,0.906
1429,DE,TD,0.255
1430,DE,TLT,0.232
1431,DE,TNA,0.403
1432,DE,TRMB,0.954
1433,DE,TXN,0.947
1434,DE,V,0.684
1435,DE,VERU,0.697
1436,DE,WMT,0.79
1437,DE,WWR,0.421
1438,DE,XBI,0.892
1439,DE,XHB,0.924
1440,DE,XLE,-0.347
1441,ERIC,EXAS,0.594
1442,ERIC,FCEL,0.663
1443,ERIC,FLIR,-0.16
1444,ERIC,GLD,0.592
1445,ERIC,GOOG,0.799
1446,ERIC,GOOGL,0.801
1447,ERIC,HD,0.731
1448,ERIC,HIMX,0.688
1449,ERIC,HPQ,0.543
1450,ERIC,IBB,0.789
1451,ERIC,ICE,0.656
1452,ERIC,ILMN,0.687
1453,ERIC,ILMN,0.687
1454,ERIC,IONS,-0.186
1455,ERIC,IRDM,0.742
1456,ERIC,IWM,0.713
1457,ERIC,IYR,-0.082
1458,ERIC,JPM,0.167
1459,ERIC,KOPN ,0.649
1460,ERIC,KTOS,0.636
1461,ERIC,LLY,0.6
1462,ERIC,MA,0.641
1463,ERIC,MRK,-0.143
1464,ERIC,MSFT,0.716
1465,ERIC,MSTR,0.609
1466,ERIC,MTSL,0.611
1467,ERIC,MVIS,0.654
1468,ERIC,NVAX,0.839
1469,ERIC,NVDA,0.799
1470,ERIC,PENN,0.853
1471,ERIC,PERI,0.593
1472,ERIC,PFE,0.274
1473,ERIC,PTC,0.828
1474,ERIC,QCOM,0.831
1475,ERIC,QQQ,0.837
1476,ERIC,RIO,0.849
1477,ERIC,SGEN,0.634
1478,ERIC,SIVB,0.797
1479,ERIC,SLV,0.831
1480,ERIC,SPY,0.825
1481,ERIC,SSYS,0.224
1482,ERIC,STAA,0.838
1483,ERIC,TD,0.122
1484,ERIC,TLT,0.24
1485,ERIC,TNA,0.226
1486,ERIC,TRMB,0.881
1487,ERIC,TXN,0.804
1488,ERIC,V,0.605
1489,ERIC,VERU,0.518
1490,ERIC,WMT,0.697
1491,ERIC,WWR,0.463
1492,ERIC,XBI,0.851
1493,ERIC,XHB,0.835
1494,ERIC,XLE,-0.349
1495,EXAS,FCEL,0.607
1496,EXAS,FLIR,0.357
1497,EXAS,GLD,0.158
1498,EXAS,GOOG,0.509
1499,EXAS,GOOGL,0.511
1500,EXAS,HD,0.399
1501,EXAS,HIMX,0.62
1502,EXAS,HPQ,0.717
1503,EXAS,IBB,0.466
1504,EXAS,ICE,0.557
1505,EXAS,ILMN,0.512
1506,EXAS,ILMN,0.512
1507,EXAS,IONS,0.134
1508,EXAS,IRDM,0.668
1509,EXAS,IWM,0.803
1510,EXAS,IYR,0.332
1511,EXAS,JPM,0.469
1512,EXAS,KOPN ,0.597
1513,EXAS,KTOS,0.829
1514,EXAS,LLY,0.279
1515,EXAS,MA,0.385
1516,EXAS,MRK,0.044
1517,EXAS,MSFT,0.315
1518,EXAS,MSTR,0.644
1519,EXAS,MTSL,0.499
1520,EXAS,MVIS,0.608
1521,EXAS,NVAX,0.452
1522,EXAS,NVDA,0.346
1523,EXAS,PENN,0.629
1524,EXAS,PERI,0.598
1525,EXAS,PFE,0.371
1526,EXAS,PTC,0.718
1527,EXAS,QCOM,0.598
1528,EXAS,QQQ,0.481
1529,EXAS,RIO,0.74
1530,EXAS,SGEN,0.187
1531,EXAS,SIVB,0.754
1532,EXAS,SLV,0.455
1533,EXAS,SPY,0.635
1534,EXAS,SSYS,0.601
1535,EXAS,STAA,0.612
1536,EXAS,TD,0.544
1537,EXAS,TLT,-0.156
1538,EXAS,TNA,0.605
1539,EXAS,TRMB,0.757
1540,EXAS,TXN,0.697
1541,EXAS,V,0.404
1542,EXAS,VERU,0.528
1543,EXAS,WMT,0.379
1544,EXAS,WWR,0.581
1545,EXAS,XBI,0.613
1546,EXAS,XHB,0.651
1547,EXAS,XLE,0.116
1548,EXPI,GRWG,0.96
1549,FCEL,FLIR,0.131
1550,FCEL,GLD,0.368
1551,FCEL,GOOG,0.752
1552,FCEL,GOOGL,0.752
1553,FCEL,HD,0.435
1554,FCEL,HIMX,0.947
1555,FCEL,HPQ,0.684
1556,FCEL,IBB,0.753
1557,FCEL,ICE,0.599
1558,FCEL,ILMN,0.67
1559,FCEL,ILMN,0.67
1560,FCEL,IONS,-0.041
1561,FCEL,IRDM,0.928
1562,FCEL,IWM,0.779
1563,FCEL,IYR,-0.054
1564,FCEL,JPM,0.377
1565,FCEL,KOPN ,0.864
1566,FCEL,KTOS,0.677
1567,FCEL,LLY,0.765
1568,FCEL,MA,0.414
1569,FCEL,MRK,-0.282
1570,FCEL,MSFT,0.565
1571,FCEL,MSTR,0.941
1572,FCEL,MTSL,0.835
1573,FCEL,MVIS,0.886
1574,FCEL,NVAX,0.758
1575,FCEL,NVDA,0.587
1576,FCEL,PENN,0.829
1577,FCEL,PERI,0.855
1578,FCEL,PFE,0.061
1579,FCEL,PTC,0.856
1580,FCEL,QCOM,0.688
1581,FCEL,QQQ,0.686
1582,FCEL,RIO,0.789
1583,FCEL,SGEN,0.439
1584,FCEL,SIVB,0.894
1585,FCEL,SLV,0.565
1586,FCEL,SPY,0.683
1587,FCEL,SSYS,0.673
1588,FCEL,STAA,0.847
1589,FCEL,TD,0.23
1590,FCEL,TLT,0.117
1591,FCEL,TNA,0.454
1592,FCEL,TRMB,0.811
1593,FCEL,TXN,0.719
1594,FCEL,V,0.405
1595,FCEL,VERU,0.879
1596,FCEL,WMT,0.509
1597,FCEL,WWR,0.482
1598,FCEL,XBI,0.831
1599,FCEL,XHB,0.64
1600,FCEL,XLE,-0.226
1601,FLIR,GLD,-0.59
1602,FLIR,GOOG,-0.16
1603,FLIR,GOOGL,-0.156
1604,FLIR,HD,-0.277
1605,FLIR,HIMX,0.123
1606,FLIR,HPQ,0.459
1607,FLIR,IBB,-0.231
1608,FLIR,ICE,-0.044
1609,FLIR,ILMN,0.169
1610,FLIR,ILMN,0.169
1611,FLIR,IONS,0.608
1612,FLIR,IRDM,0.131
1613,FLIR,IWM,0.423
1614,FLIR,IYR,0.757
1615,FLIR,JPM,0.727
1616,FLIR,KOPN ,0.142
1617,FLIR,KTOS,0.363
1618,FLIR,LLY,-0.263
1619,FLIR,MA,-0.181
1620,FLIR,MRK,0.395
1621,FLIR,MSFT,-0.425
1622,FLIR,MSTR,0.231
1623,FLIR,MTSL,0.217
1624,FLIR,MVIS,0.126
1625,FLIR,NVAX,-0.291
1626,FLIR,NVDA,-0.494
1627,FLIR,PENN,-0.135
1628,FLIR,PERI,0.094
1629,FLIR,PFE,0.449
1630,FLIR,PTC,0.196
1631,FLIR,QCOM,-0.2
1632,FLIR,QQQ,-0.314
1633,FLIR,RIO,0.191
1634,FLIR,SGEN,-0.527
1635,FLIR,SIVB,0.199
1636,FLIR,SLV,-0.304
1637,FLIR,SPY,0.022
1638,FLIR,SSYS,0.641
1639,FLIR,STAA,-0.174
1640,FLIR,TD,0.816
1641,FLIR,TLT,-0.722
1642,FLIR,TNA,0.81
1643,FLIR,TRMB,0.052
1644,FLIR,TXN,-0.055
1645,FLIR,V,-0.139
1646,FLIR,VERU,0.136
1647,FLIR,WMT,-0.413
1648,FLIR,WWR,0.314
1649,FLIR,XBI,-0.142
1650,FLIR,XHB,0.02
1651,FLIR,XLE,0.817
1652,GLD,GOOG,0.768
1653,GLD,GOOGL,0.766
1654,GLD,HD,0.871
1655,GLD,HIMX,0.404
1656,GLD,HPQ,0.063
1657,GLD,IBB,0.796
1658,GLD,ICE,0.761
1659,GLD,ILMN,0.409
1660,GLD,ILMN,0.409
1661,GLD,IONS,-0.713
1662,GLD,IRDM,0.464
1663,GLD,IWM,0.233
1664,GLD,IYR,-0.41
1665,GLD,JPM,-0.173
1666,GLD,KOPN ,0.301
1667,GLD,KTOS,0.262
1668,GLD,LLY,0.731
1669,GLD,MA,0.811
1670,GLD,MRK,-0.16
1671,GLD,MSFT,0.938
1672,GLD,MSTR,0.3
1673,GLD,MTSL,0.179
1674,GLD,MVIS,0.374
1675,GLD,NVAX,0.757
1676,GLD,NVDA,0.914
1677,GLD,PENN,0.682
1678,GLD,PERI,0.547
1679,GLD,PFE,-0.393
1680,GLD,PTC,0.295
1681,GLD,QCOM,0.749
1682,GLD,QQQ,0.87
1683,GLD,RIO,0.361
1684,GLD,SGEN,0.92
1685,GLD,SIVB,0.394
1686,GLD,SLV,0.841
1687,GLD,SPY,0.678
1688,GLD,SSYS,-0.28
1689,GLD,STAA,0.69
1690,GLD,TD,-0.496
1691,GLD,TLT,0.885
1692,GLD,TNA,-0.379
1693,GLD,TRMB,0.554
1694,GLD,TXN,0.692
1695,GLD,V,0.789
1696,GLD,VERU,0.427
1697,GLD,WMT,0.893
1698,GLD,WWR,-0.267
1699,GLD,XBI,0.718
1700,GLD,XHB,0.64
1701,GLD,XLE,-0.869
1702,GOOG,GOOGL,1.0
1703,GOOG,HD,0.847
1704,GOOG,HIMX,0.787
1705,GOOG,HPQ,0.546
1706,GOOG,IBB,0.93
1707,GOOG,ICE,0.855
1708,GOOG,ILMN,0.634
1709,GOOG,ILMN,0.634
1710,GOOG,IONS,-0.417
1711,GOOG,IRDM,0.834
1712,GOOG,IWM,0.722
1713,GOOG,IYR,-0.069
1714,GOOG,JPM,0.324
1715,GOOG,KOPN ,0.653
1716,GOOG,KTOS,0.579
1717,GOOG,LLY,0.818
1718,GOOG,MA,0.835
1719,GOOG,MRK,-0.128
1720,GOOG,MSFT,0.909
1721,GOOG,MSTR,0.709
1722,GOOG,MTSL,0.568
1723,GOOG,MVIS,0.724
1724,GOOG,NVAX,0.853
1725,GOOG,NVDA,0.901
1726,GOOG,PENN,0.908
1727,GOOG,PERI,0.848
1728,GOOG,PFE,-0.105
1729,GOOG,PTC,0.728
1730,GOOG,QCOM,0.916
1731,GOOG,QQQ,0.958
1732,GOOG,RIO,0.726
1733,GOOG,SGEN,0.811
1734,GOOG,SIVB,0.837
1735,GOOG,SLV,0.852
1736,GOOG,SPY,0.933
1737,GOOG,SSYS,0.188
1738,GOOG,STAA,0.925
1739,GOOG,TD,-0.012
1740,GOOG,TLT,0.49
1741,GOOG,TNA,0.194
1742,GOOG,TRMB,0.869
1743,GOOG,TXN,0.917
1744,GOOG,V,0.836
1745,GOOG,VERU,0.732
1746,GOOG,WMT,0.851
1747,GOOG,WWR,0.15
1748,GOOG,XBI,0.936
1749,GOOG,XHB,0.877
1750,GOOG,XLE,-0.537
1751,GOOGL,HD,0.847
1752,GOOGL,HIMX,0.787
1753,GOOGL,HPQ,0.547
1754,GOOGL,IBB,0.931
1755,GOOGL,ICE,0.853
1756,GOOGL,ILMN,0.637
1757,GOOGL,ILMN,0.637
1758,GOOGL,IONS,-0.41
1759,GOOGL,IRDM,0.834
1760,GOOGL,IWM,0.724
1761,GOOGL,IYR,-0.066
1762,GOOGL,JPM,0.325
1763,GOOGL,KOPN ,0.653
1764,GOOGL,KTOS,0.578
1765,GOOGL,LLY,0.818
1766,GOOGL,MA,0.834
1767,GOOGL,MRK,-0.128
1768,GOOGL,MSFT,0.907
1769,GOOGL,MSTR,0.708
1770,GOOGL,MTSL,0.571
1771,GOOGL,MVIS,0.724
1772,GOOGL,NVAX,0.853
1773,GOOGL,NVDA,0.9
1774,GOOGL,PENN,0.907
1775,GOOGL,PERI,0.846
1776,GOOGL,PFE,-0.101
1777,GOOGL,PTC,0.73
1778,GOOGL,QCOM,0.914
1779,GOOGL,QQQ,0.957
1780,GOOGL,RIO,0.728
1781,GOOGL,SGEN,0.81
1782,GOOGL,SIVB,0.838
1783,GOOGL,SLV,0.851
1784,GOOGL,SPY,0.933
1785,GOOGL,SSYS,0.19
1786,GOOGL,STAA,0.925
1787,GOOGL,TD,-0.009
1788,GOOGL,TLT,0.487
1789,GOOGL,TNA,0.197
1790,GOOGL,TRMB,0.869
1791,GOOGL,TXN,0.916
1792,GOOGL,V,0.836
1793,GOOGL,VERU,0.731
1794,GOOGL,WMT,0.848
1795,GOOGL,WWR,0.154
1796,GOOGL,XBI,0.937
1797,GOOGL,XHB,0.878
1798,GOOGL,XLE,-0.533
1799,HD,HIMX,0.483
1800,HD,HPQ,0.313
1801,HD,IBB,0.802
1802,HD,ICE,0.871
1803,HD,ILMN,0.527
1804,HD,ILMN,0.527
1805,HD,IONS,-0.536
1806,HD,IRDM,0.596
1807,HD,IWM,0.526
1808,HD,IYR,-0.041
1809,HD,JPM,0.126
1810,HD,KOPN ,0.414
1811,HD,KTOS,0.5
1812,HD,LLY,0.631
1813,HD,MA,0.907
1814,HD,MRK,-0.004
1815,HD,MSFT,0.897
1816,HD,MSTR,0.414
1817,HD,MTSL,0.32
1818,HD,MVIS,0.475
1819,HD,NVAX,0.769
1820,HD,NVDA,0.893
1821,HD,PENN,0.789
1822,HD,PERI,0.617
1823,HD,PFE,-0.177
1824,HD,PTC,0.484
1825,HD,QCOM,0.84
1826,HD,QQQ,0.906
1827,HD,RIO,0.567
1828,HD,SGEN,0.836
1829,HD,SIVB,0.585
1830,HD,SLV,0.911
1831,HD,SPY,0.865
1832,HD,SSYS,-0.085
1833,HD,STAA,0.736
1834,HD,TD,-0.126
1835,HD,TLT,0.615
1836,HD,TNA,-0.037
1837,HD,TRMB,0.737
1838,HD,TXN,0.849
1839,HD,V,0.888
1840,HD,VERU,0.449
1841,HD,WMT,0.871
1842,HD,WWR,-0.023
1843,HD,XBI,0.777
1844,HD,XHB,0.874
1845,HD,XLE,-0.592
1846,HIMX,HPQ,0.722
1847,HIMX,IBB,0.761
1848,HIMX,ICE,0.628
1849,HIMX,ILMN,0.701
1850,HIMX,ILMN,0.701
1851,HIMX,IONS,-0.118
1852,HIMX,IRDM,0.909
1853,HIMX,IWM,0.783
1854,HIMX,IYR,0.001
1855,HIMX,JPM,0.402
1856,HIMX,KOPN ,0.902
1857,HIMX,KTOS,0.721
1858,HIMX,LLY,0.76
1859,HIMX,MA,0.495
1860,HIMX,MRK,-0.282
1861,HIMX,MSFT,0.617
1862,HIMX,MSTR,0.944
1863,HIMX,MTSL,0.769
1864,HIMX,MVIS,0.928
1865,HIMX,NVAX,0.79
1866,HIMX,NVDA,0.615
1867,HIMX,PENN,0.83
1868,HIMX,PERI,0.894
1869,HIMX,PFE,0.08
1870,HIMX,PTC,0.862
1871,HIMX,QCOM,0.7
1872,HIMX,QQQ,0.716
1873,HIMX,RIO,0.793
1874,HIMX,SGEN,0.457
1875,HIMX,SIVB,0.887
1876,HIMX,SLV,0.587
1877,HIMX,SPY,0.725
1878,HIMX,SSYS,0.639
1879,HIMX,STAA,0.853
1880,HIMX,TD,0.229
1881,HIMX,TLT,0.15
1882,HIMX,TNA,0.454
1883,HIMX,TRMB,0.831
1884,HIMX,TXN,0.735
1885,HIMX,V,0.493
1886,HIMX,VERU,0.921
1887,HIMX,WMT,0.531
1888,HIMX,WWR,0.449
1889,HIMX,XBI,0.834
1890,HIMX,XHB,0.675
1891,HIMX,XLE,-0.245
1892,HPQ,IBB,0.455
1893,HPQ,ICE,0.531
1894,HPQ,ILMN,0.451
1895,HPQ,ILMN,0.451
1896,HPQ,IONS,0.165
1897,HPQ,IRDM,0.767
1898,HPQ,IWM,0.904
1899,HPQ,IYR,0.498
1900,HPQ,JPM,0.751
1901,HPQ,KOPN ,0.58
1902,HPQ,KTOS,0.785
1903,HPQ,LLY,0.321
1904,HPQ,MA,0.45
1905,HPQ,MRK,0.179
1906,HPQ,MSFT,0.282
1907,HPQ,MSTR,0.704
1908,HPQ,MTSL,0.57
1909,HPQ,MVIS,0.627
1910,HPQ,NVAX,0.403
1911,HPQ,NVDA,0.302
1912,HPQ,PENN,0.652
1913,HPQ,PERI,0.687
1914,HPQ,PFE,0.404
1915,HPQ,PTC,0.806
1916,HPQ,QCOM,0.567
1917,HPQ,QQQ,0.461
1918,HPQ,RIO,0.792
1919,HPQ,SGEN,0.116
1920,HPQ,SIVB,0.815
1921,HPQ,SLV,0.436
1922,HPQ,SPY,0.693
1923,HPQ,SSYS,0.628
1924,HPQ,STAA,0.557
1925,HPQ,TD,0.707
1926,HPQ,TLT,-0.286
1927,HPQ,TNA,0.823
1928,HPQ,TRMB,0.776
1929,HPQ,TXN,0.635
1930,HPQ,V,0.445
1931,HPQ,VERU,0.629
1932,HPQ,WMT,0.276
1933,HPQ,WWR,0.53
1934,HPQ,XBI,0.587
1935,HPQ,XHB,0.681
1936,HPQ,XLE,0.221
1937,IBB,ICE,0.799
1938,IBB,ILMN,0.727
1939,IBB,ILMN,0.727
1940,IBB,IONS,-0.374
1941,IBB,IRDM,0.795
1942,IBB,IWM,0.627
1943,IBB,IYR,-0.256
1944,IBB,JPM,0.15
1945,IBB,KOPN ,0.637
1946,IBB,KTOS,0.524
1947,IBB,LLY,0.913
1948,IBB,MA,0.768
1949,IBB,MRK,-0.196
1950,IBB,MSFT,0.919
1951,IBB,MSTR,0.66
1952,IBB,MTSL,0.577
1953,IBB,MVIS,0.702
1954,IBB,NVAX,0.875
1955,IBB,NVDA,0.912
1956,IBB,PENN,0.883
1957,IBB,PERI,0.778
1958,IBB,PFE,-0.069
1959,IBB,PTC,0.719
1960,IBB,QCOM,0.855
1961,IBB,QQQ,0.95
1962,IBB,RIO,0.733
1963,IBB,SGEN,0.885
1964,IBB,SIVB,0.768
1965,IBB,SLV,0.797
1966,IBB,SPY,0.858
1967,IBB,SSYS,0.162
1968,IBB,STAA,0.92
1969,IBB,TD,-0.151
1970,IBB,TLT,0.562
1971,IBB,TNA,0.062
1972,IBB,TRMB,0.829
1973,IBB,TXN,0.833
1974,IBB,V,0.766
1975,IBB,VERU,0.723
1976,IBB,WMT,0.825
1977,IBB,WWR,0.157
1978,IBB,XBI,0.974
1979,IBB,XHB,0.787
1980,IBB,XLE,-0.607
1981,ICE,ILMN,0.561
1982,ICE,ILMN,0.561
1983,ICE,IONS,-0.48
1984,ICE,IRDM,0.723
1985,ICE,IWM,0.689
1986,ICE,IYR,0.095
1987,ICE,JPM,0.393
1988,ICE,KOPN ,0.496
1989,ICE,KTOS,0.699
1990,ICE,LLY,0.651
1991,ICE,MA,0.899
1992,ICE,MRK,0.133
1993,ICE,MSFT,0.835
1994,ICE,MSTR,0.608
1995,ICE,MTSL,0.342
1996,ICE,MVIS,0.596
1997,ICE,NVAX,0.714
1998,ICE,NVDA,0.788
1999,ICE,PENN,0.828
2000,ICE,PERI,0.798
2001,ICE,PFE,-0.114
2002,ICE,PTC,0.572
2003,ICE,QCOM,0.876
2004,ICE,QQQ,0.873
2005,ICE,RIO,0.66
2006,ICE,SGEN,0.729
2007,ICE,SIVB,0.711
2008,ICE,SLV,0.84
2009,ICE,SPY,0.905
2010,ICE,SSYS,0.154
2011,ICE,STAA,0.754
2012,ICE,TD,0.095
2013,ICE,TLT,0.51
2014,ICE,TNA,0.204
2015,ICE,TRMB,0.814
2016,ICE,TXN,0.897
2017,ICE,V,0.898
2018,ICE,VERU,0.659
2019,ICE,WMT,0.855
2020,ICE,WWR,-0.02
2021,ICE,XBI,0.813
2022,ICE,XHB,0.869
2023,ICE,XLE,-0.46
2024,IDEX,TCEHY,0.472
2025,ILMN,ILMN,1.0
2026,ILMN,IONS,0.058
2027,ILMN,IRDM,0.669
2028,ILMN,IWM,0.608
2029,ILMN,IYR,-0.024
2030,ILMN,JPM,0.226
2031,ILMN,KOPN ,0.747
2032,ILMN,KTOS,0.596
2033,ILMN,LLY,0.675
2034,ILMN,MA,0.463
2035,ILMN,MRK,-0.096
2036,ILMN,MSFT,0.579
2037,ILMN,MSTR,0.649
2038,ILMN,MTSL,0.662
2039,ILMN,MVIS,0.719
2040,ILMN,NVAX,0.728
2041,ILMN,NVDA,0.531
2042,ILMN,PENN,0.614
2043,ILMN,PERI,0.589
2044,ILMN,PFE,0.208
2045,ILMN,PTC,0.711
2046,ILMN,QCOM,0.532
2047,ILMN,QQQ,0.633
2048,ILMN,RIO,0.757
2049,ILMN,SGEN,0.462
2050,ILMN,SIVB,0.647
2051,ILMN,SLV,0.537
2052,ILMN,SPY,0.638
2053,ILMN,SSYS,0.486
2054,ILMN,STAA,0.682
2055,ILMN,TD,0.139
2056,ILMN,TLT,0.175
2057,ILMN,TNA,0.274
2058,ILMN,TRMB,0.686
2059,ILMN,TXN,0.585
2060,ILMN,V,0.48
2061,ILMN,VERU,0.655
2062,ILMN,WMT,0.433
2063,ILMN,WWR,0.344
2064,ILMN,XBI,0.734
2065,ILMN,XHB,0.586
2066,ILMN,XLE,-0.15
2067,ILMN,IONS,0.058
2068,ILMN,IRDM,0.669
2069,ILMN,IWM,0.608
2070,ILMN,IYR,-0.024
2071,ILMN,JPM,0.226
2072,ILMN,KOPN ,0.747
2073,ILMN,KTOS,0.596
2074,ILMN,LLY,0.675
2075,ILMN,MA,0.463
2076,ILMN,MRK,-0.096
2077,ILMN,MSFT,0.579
2078,ILMN,MSTR,0.649
2079,ILMN,MTSL,0.662
2080,ILMN,MVIS,0.719
2081,ILMN,NVAX,0.728
2082,ILMN,NVDA,0.531
2083,ILMN,PENN,0.614
2084,ILMN,PERI,0.589
2085,ILMN,PFE,0.208
2086,ILMN,PTC,0.711
2087,ILMN,QCOM,0.532
2088,ILMN,QQQ,0.633
2089,ILMN,RIO,0.757
2090,ILMN,SGEN,0.462
2091,ILMN,SIVB,0.647
2092,ILMN,SLV,0.537
2093,ILMN,SPY,0.638
2094,ILMN,SSYS,0.486
2095,ILMN,STAA,0.682
2096,ILMN,TD,0.139
2097,ILMN,TLT,0.175
2098,ILMN,TNA,0.274
2099,ILMN,TRMB,0.686
2100,ILMN,TXN,0.585
2101,ILMN,V,0.48
2102,ILMN,VERU,0.655
2103,ILMN,WMT,0.433
2104,ILMN,WWR,0.344
2105,ILMN,XBI,0.734
2106,ILMN,XHB,0.586
2107,ILMN,XLE,-0.15
2108,IONS,IRDM,-0.087
2109,IONS,IWM,0.088
2110,IONS,IYR,0.413
2111,IONS,JPM,0.181
2112,IONS,KOPN ,0.011
2113,IONS,KTOS,-0.053
2114,IONS,LLY,-0.345
2115,IONS,MA,-0.533
2116,IONS,MRK,0.196
2117,IONS,MSFT,-0.621
2118,IONS,MSTR,-0.061
2119,IONS,MTSL,0.251
2120,IONS,MVIS,-0.094
2121,IONS,NVAX,-0.362
2122,IONS,NVDA,-0.594
2123,IONS,PENN,-0.35
2124,IONS,PERI,-0.307
2125,IONS,PFE,0.528
2126,IONS,PTC,0.109
2127,IONS,QCOM,-0.483
2128,IONS,QQQ,-0.505
2129,IONS,RIO,0.053
2130,IONS,SGEN,-0.655
2131,IONS,SIVB,-0.077
2132,IONS,SLV,-0.459
2133,IONS,SPY,-0.312
2134,IONS,SSYS,0.451
2135,IONS,STAA,-0.322
2136,IONS,TD,0.545
2137,IONS,TLT,-0.766
2138,IONS,TNA,0.489
2139,IONS,TRMB,-0.183
2140,IONS,TXN,-0.355
2141,IONS,V,-0.504
2142,IONS,VERU,-0.2
2143,IONS,WMT,-0.692
2144,IONS,WWR,0.456
2145,IONS,XBI,-0.293
2146,IONS,XHB,-0.303
2147,IONS,XLE,0.808
2148,IRDM,IWM,0.864
2149,IRDM,IYR,0.087
2150,IRDM,JPM,0.478
2151,IRDM,KOPN ,0.793
2152,IRDM,KTOS,0.744
2153,IRDM,LLY,0.746
2154,IRDM,MA,0.593
2155,IRDM,MRK,-0.166
2156,IRDM,MSFT,0.658
2157,IRDM,MSTR,0.881
2158,IRDM,MTSL,0.795
2159,IRDM,MVIS,0.831
2160,IRDM,NVAX,0.77
2161,IRDM,NVDA,0.669
2162,IRDM,PENN,0.891
2163,IRDM,PERI,0.872
2164,IRDM,PFE,0.075
2165,IRDM,PTC,0.883
2166,IRDM,QCOM,0.809
2167,IRDM,QQQ,0.783
2168,IRDM,RIO,0.853
2169,IRDM,SGEN,0.507
2170,IRDM,SIVB,0.939
2171,IRDM,SLV,0.697
2172,IRDM,SPY,0.828
2173,IRDM,SSYS,0.583
2174,IRDM,STAA,0.867
2175,IRDM,TD,0.295
2176,IRDM,TLT,0.155
2177,IRDM,TNA,0.5
2178,IRDM,TRMB,0.902
2179,IRDM,TXN,0.834
2180,IRDM,V,0.583
2181,IRDM,VERU,0.825
2182,IRDM,WMT,0.601
2183,IRDM,WWR,0.437
2184,IRDM,XBI,0.874
2185,IRDM,XHB,0.791
2186,IRDM,XLE,-0.238
2187,IWM,IYR,0.451
2188,IWM,JPM,0.738
2189,IWM,KOPN ,0.686
2190,IWM,KTOS,0.843
2191,IWM,LLY,0.45
2192,IWM,MA,0.566
2193,IWM,MRK,0.156
2194,IWM,MSFT,0.449
2195,IWM,MSTR,0.795
2196,IWM,MTSL,0.686
2197,IWM,MVIS,0.736
2198,IWM,NVAX,0.578
2199,IWM,NVDA,0.48
2200,IWM,PENN,0.795
2201,IWM,PERI,0.778
2202,IWM,PFE,0.349
2203,IWM,PTC,0.873
2204,IWM,QCOM,0.736
2205,IWM,QQQ,0.635
2206,IWM,RIO,0.889
2207,IWM,SGEN,0.306
2208,IWM,SIVB,0.939
2209,IWM,SLV,0.617
2210,IWM,SPY,0.846
2211,IWM,SSYS,0.615
2212,IWM,STAA,0.729
2213,IWM,TD,0.644
2214,IWM,TLT,-0.165
2215,IWM,TNA,0.781
2216,IWM,TRMB,0.897
2217,IWM,TXN,0.815
2218,IWM,V,0.562
2219,IWM,VERU,0.687
2220,IWM,WMT,0.467
2221,IWM,WWR,0.547
2222,IWM,XBI,0.751
2223,IWM,XHB,0.846
2224,IWM,XLE,0.114
2225,IYR,JPM,0.762
2226,IYR,KOPN ,-0.008
2227,IYR,KTOS,0.341
2228,IYR,LLY,-0.389
2229,IYR,MA,0.081
2230,IYR,MRK,0.632
2231,IYR,MSFT,-0.31
2232,IYR,MSTR,0.08
2233,IYR,MTSL,0.045
2234,IYR,MVIS,-0.005
2235,IYR,NVAX,-0.268
2236,IYR,NVDA,-0.355
2237,IYR,PENN,-0.063
2238,IYR,PERI,0.089
2239,IYR,PFE,0.332
2240,IYR,PTC,0.109
2241,IYR,QCOM,-0.07
2242,IYR,QQQ,-0.203
2243,IYR,RIO,0.14
2244,IYR,SGEN,-0.438
2245,IYR,SIVB,0.159
2246,IYR,SLV,-0.065
2247,IYR,SPY,0.181
2248,IYR,SSYS,0.343
2249,IYR,STAA,-0.174
2250,IYR,TD,0.836
2251,IYR,TLT,-0.6
2252,IYR,TNA,0.765
2253,IYR,TRMB,0.104
2254,IYR,TXN,0.088
2255,IYR,V,0.098
2256,IYR,VERU,-0.027
2257,IYR,WMT,-0.264
2258,IYR,WWR,0.205
2259,IYR,XBI,-0.16
2260,IYR,XHB,0.238
2261,IYR,XLE,0.718
2262,JG,PDD,-0.285
2263,JPM,KOPN ,0.282
2264,JPM,KTOS,0.562
2265,JPM,LLY,0.028
2266,JPM,MA,0.31
2267,JPM,MRK,0.472
2268,JPM,MSFT,0.028
2269,JPM,MSTR,0.48
2270,JPM,MTSL,0.297
2271,JPM,MVIS,0.362
2272,JPM,NVAX,0.033
2273,JPM,NVDA,-0.03
2274,JPM,PENN,0.301
2275,JPM,PERI,0.509
2276,JPM,PFE,0.258
2277,JPM,PTC,0.421
2278,JPM,QCOM,0.31
2279,JPM,QQQ,0.154
2280,JPM,RIO,0.458
2281,JPM,SGEN,-0.105
2282,JPM,SIVB,0.569
2283,JPM,SLV,0.146
2284,JPM,SPY,0.496
2285,JPM,SSYS,0.51
2286,JPM,STAA,0.228
2287,JPM,TD,0.794
2288,JPM,TLT,-0.423
2289,JPM,TNA,0.879
2290,JPM,TRMB,0.433
2291,JPM,TXN,0.41
2292,JPM,V,0.331
2293,JPM,VERU,0.416
2294,JPM,WMT,0.081
2295,JPM,WWR,0.215
2296,JPM,XBI,0.24
2297,JPM,XHB,0.47
2298,JPM,XLE,0.463
2299,KOPN ,KTOS,0.68
2300,KOPN ,LLY,0.639
2301,KOPN ,MA,0.344
2302,KOPN ,MRK,-0.314
2303,KOPN ,MSFT,0.494
2304,KOPN ,MSTR,0.911
2305,KOPN ,MTSL,0.809
2306,KOPN ,MVIS,0.964
2307,KOPN ,NVAX,0.781
2308,KOPN ,NVDA,0.508
2309,KOPN ,PENN,0.726
2310,KOPN ,PERI,0.783
2311,KOPN ,PFE,0.051
2312,KOPN ,PTC,0.773
2313,KOPN ,QCOM,0.552
2314,KOPN ,QQQ,0.59
2315,KOPN ,RIO,0.731
2316,KOPN ,SGEN,0.329
2317,KOPN ,SIVB,0.786
2318,KOPN ,SLV,0.527
2319,KOPN ,SPY,0.588
2320,KOPN ,SSYS,0.714
2321,KOPN ,STAA,0.778
2322,KOPN ,TD,0.222
2323,KOPN ,TLT,0.057
2324,KOPN ,TNA,0.408
2325,KOPN ,TRMB,0.717
2326,KOPN ,TXN,0.63
2327,KOPN ,V,0.332
2328,KOPN ,VERU,0.837
2329,KOPN ,WMT,0.402
2330,KOPN ,WWR,0.498
2331,KOPN ,XBI,0.715
2332,KOPN ,XHB,0.582
2333,KOPN ,XLE,-0.148
2334,KTOS,LLY,0.377
2335,KTOS,MA,0.54
2336,KTOS,MRK,0.109
2337,KTOS,MSFT,0.426
2338,KTOS,MSTR,0.748
2339,KTOS,MTSL,0.498
2340,KTOS,MVIS,0.712
2341,KTOS,NVAX,0.546
2342,KTOS,NVDA,0.426
2343,KTOS,PENN,0.727
2344,KTOS,PERI,0.716
2345,KTOS,PFE,0.326
2346,KTOS,PTC,0.751
2347,KTOS,QCOM,0.661
2348,KTOS,QQQ,0.57
2349,KTOS,RIO,0.811
2350,KTOS,SGEN,0.253
2351,KTOS,SIVB,0.799
2352,KTOS,SLV,0.576
2353,KTOS,SPY,0.727
2354,KTOS,SSYS,0.637
2355,KTOS,STAA,0.629
2356,KTOS,TD,0.549
2357,KTOS,TLT,-0.072
2358,KTOS,TNA,0.614
2359,KTOS,TRMB,0.825
2360,KTOS,TXN,0.73
2361,KTOS,V,0.531
2362,KTOS,VERU,0.676
2363,KTOS,WMT,0.473
2364,KTOS,WWR,0.434
2365,KTOS,XBI,0.649
2366,KTOS,XHB,0.739
2367,KTOS,XLE,0.034
2368,LLY,MA,0.61
2369,LLY,MRK,-0.318
2370,LLY,MSFT,0.845
2371,LLY,MSTR,0.648
2372,LLY,MTSL,0.595
2373,LLY,MVIS,0.684
2374,LLY,NVAX,0.811
2375,LLY,NVDA,0.799
2376,LLY,PENN,0.759
2377,LLY,PERI,0.743
2378,LLY,PFE,-0.206
2379,LLY,PTC,0.613
2380,LLY,QCOM,0.687
2381,LLY,QQQ,0.828
2382,LLY,RIO,0.582
2383,LLY,SGEN,0.79
2384,LLY,SIVB,0.642
2385,LLY,SLV,0.639
2386,LLY,SPY,0.67
2387,LLY,SSYS,0.209
2388,LLY,STAA,0.821
2389,LLY,TD,-0.299
2390,LLY,TLT,0.603
2391,LLY,TNA,-0.049
2392,LLY,TRMB,0.657
2393,LLY,TXN,0.658
2394,LLY,V,0.61
2395,LLY,VERU,0.759
2396,LLY,WMT,0.684
2397,LLY,WWR,0.053
2398,LLY,XBI,0.858
2399,LLY,XHB,0.571
2400,LLY,XLE,-0.647
2401,MA,MRK,0.172
2402,MA,MSFT,0.873
2403,MA,MSTR,0.406
2404,MA,MTSL,0.203
2405,MA,MVIS,0.438
2406,MA,NVAX,0.67
2407,MA,NVDA,0.824
2408,MA,PENN,0.76
2409,MA,PERI,0.673
2410,MA,PFE,-0.14
2411,MA,PTC,0.477
2412,MA,QCOM,0.823
2413,MA,QQQ,0.872
2414,MA,RIO,0.563
2415,MA,SGEN,0.774
2416,MA,SIVB,0.588
2417,MA,SLV,0.847
2418,MA,SPY,0.892
2419,MA,SSYS,-0.079
2420,MA,STAA,0.671
2421,MA,TD,-0.023
2422,MA,TLT,0.561
2423,MA,TNA,0.081
2424,MA,TRMB,0.729
2425,MA,TXN,0.83
2426,MA,V,0.984
2427,MA,VERU,0.496
2428,MA,WMT,0.826
2429,MA,WWR,-0.118
2430,MA,XBI,0.74
2431,MA,XHB,0.854
2432,MA,XLE,-0.525
2433,MRK,MSFT,-0.195
2434,MRK,MSTR,-0.204
2435,MRK,MTSL,-0.249
2436,MRK,MVIS,-0.278
2437,MRK,NVAX,-0.322
2438,MRK,NVDA,-0.244
2439,MRK,PENN,-0.158
2440,MRK,PERI,-0.1
2441,MRK,PFE,0.313
2442,MRK,PTC,-0.154
2443,MRK,QCOM,-0.09
2444,MRK,QQQ,-0.157
2445,MRK,RIO,-0.009
2446,MRK,SGEN,-0.226
2447,MRK,SIVB,-0.084
2448,MRK,SLV,0.002
2449,MRK,SPY,0.117
2450,MRK,SSYS,-0.062
2451,MRK,STAA,-0.271
2452,MRK,TD,0.458
2453,MRK,TLT,-0.267
2454,MRK,TNA,0.363
2455,MRK,TRMB,-0.052
2456,MRK,TXN,0.006
2457,MRK,V,0.167
2458,MRK,VERU,-0.231
2459,MRK,WMT,-0.089
2460,MRK,WWR,-0.202
2461,MRK,XBI,-0.197
2462,MRK,XHB,0.104
2463,MRK,XLE,0.433
2464,MSFT,MSTR,0.503
2465,MSFT,MTSL,0.356
2466,MSFT,MVIS,0.566
2467,MSFT,NVAX,0.849
2468,MSFT,NVDA,0.96
2469,MSFT,PENN,0.817
2470,MSFT,PERI,0.708
2471,MSFT,PFE,-0.282
2472,MSFT,PTC,0.52
2473,MSFT,QCOM,0.857
2474,MSFT,QQQ,0.964
2475,MSFT,RIO,0.553
2476,MSFT,SGEN,0.937
2477,MSFT,SIVB,0.608
2478,MSFT,SLV,0.853
2479,MSFT,SPY,0.824
2480,MSFT,SSYS,-0.07
2481,MSFT,STAA,0.834
2482,MSFT,TD,-0.329
2483,MSFT,TLT,0.761
2484,MSFT,TNA,-0.159
2485,MSFT,TRMB,0.723
2486,MSFT,TXN,0.812
2487,MSFT,V,0.861
2488,MSFT,VERU,0.607
2489,MSFT,WMT,0.912
2490,MSFT,WWR,-0.091
2491,MSFT,XBI,0.865
2492,MSFT,XHB,0.764
2493,MSFT,XLE,-0.783
2494,MSTR,MTSL,0.782
2495,MSTR,MVIS,0.939
2496,MSTR,NVAX,0.721
2497,MSTR,NVDA,0.51
2498,MSTR,PENN,0.785
2499,MSTR,PERI,0.889
2500,MSTR,PFE,0.032
2501,MSTR,PTC,0.796
2502,MSTR,QCOM,0.649
2503,MSTR,QQQ,0.62
2504,MSTR,RIO,0.752
2505,MSTR,SGEN,0.349
2506,MSTR,SIVB,0.878
2507,MSTR,SLV,0.533
2508,MSTR,SPY,0.666
2509,MSTR,SSYS,0.738
2510,MSTR,STAA,0.802
2511,MSTR,TD,0.323
2512,MSTR,TLT,0.048
2513,MSTR,TNA,0.535
2514,MSTR,TRMB,0.778
2515,MSTR,TXN,0.711
2516,MSTR,V,0.398
2517,MSTR,VERU,0.909
2518,MSTR,WMT,0.482
2519,MSTR,WWR,0.465
2520,MSTR,XBI,0.754
2521,MSTR,XHB,0.64
2522,MSTR,XLE,-0.138
2523,MTSL,MVIS,0.765
2524,MTSL,NVAX,0.651
2525,MTSL,NVDA,0.414
2526,MTSL,PENN,0.649
2527,MTSL,PERI,0.608
2528,MTSL,PFE,0.161
2529,MTSL,PTC,0.785
2530,MTSL,QCOM,0.476
2531,MTSL,QQQ,0.497
2532,MTSL,RIO,0.713
2533,MTSL,SGEN,0.249
2534,MTSL,SIVB,0.759
2535,MTSL,SLV,0.457
2536,MTSL,SPY,0.525
2537,MTSL,SSYS,0.674
2538,MTSL,STAA,0.693
2539,MTSL,TD,0.3
2540,MTSL,TLT,-0.099
2541,MTSL,TNA,0.482
2542,MTSL,TRMB,0.653
2543,MTSL,TXN,0.547
2544,MTSL,V,0.176
2545,MTSL,VERU,0.633
2546,MTSL,WMT,0.263
2547,MTSL,WWR,0.608
2548,MTSL,XBI,0.652
2549,MTSL,XHB,0.53
2550,MTSL,XLE,-0.005
2551,MVIS,NVAX,0.783
2552,MVIS,NVDA,0.577
2553,MVIS,PENN,0.791
2554,MVIS,PERI,0.873
2555,MVIS,PFE,-0.003
2556,MVIS,PTC,0.78
2557,MVIS,QCOM,0.639
2558,MVIS,QQQ,0.661
2559,MVIS,RIO,0.756
2560,MVIS,SGEN,0.426
2561,MVIS,SIVB,0.835
2562,MVIS,SLV,0.581
2563,MVIS,SPY,0.666
2564,MVIS,SSYS,0.649
2565,MVIS,STAA,0.825
2566,MVIS,TD,0.215
2567,MVIS,TLT,0.122
2568,MVIS,TNA,0.427
2569,MVIS,TRMB,0.767
2570,MVIS,TXN,0.706
2571,MVIS,V,0.426
2572,MVIS,VERU,0.911
2573,MVIS,WMT,0.505
2574,MVIS,WWR,0.437
2575,MVIS,XBI,0.774
2576,MVIS,XHB,0.649
2577,MVIS,XLE,-0.215
2578,NVAX,NVDA,0.867
2579,NVAX,PENN,0.866
2580,NVAX,PERI,0.749
2581,NVAX,PFE,-0.11
2582,NVAX,PTC,0.704
2583,NVAX,QCOM,0.793
2584,NVAX,QQQ,0.887
2585,NVAX,RIO,0.715
2586,NVAX,SGEN,0.751
2587,NVAX,SIVB,0.724
2588,NVAX,SLV,0.848
2589,NVAX,SPY,0.768
2590,NVAX,SSYS,0.259
2591,NVAX,STAA,0.897
2592,NVAX,TD,-0.139
2593,NVAX,TLT,0.514
2594,NVAX,TNA,0.034
2595,NVAX,TRMB,0.793
2596,NVAX,TXN,0.791
2597,NVAX,V,0.638
2598,NVAX,VERU,0.708
2599,NVAX,WMT,0.755
2600,NVAX,WWR,0.241
2601,NVAX,XBI,0.891
2602,NVAX,XHB,0.759
2603,NVAX,XLE,-0.581
2604,NVDA,PENN,0.873
2605,NVDA,PERI,0.67
2606,NVDA,PFE,-0.2
2607,NVDA,PTC,0.583
2608,NVDA,QCOM,0.892
2609,NVDA,QQQ,0.973
2610,NVDA,RIO,0.612
2611,NVDA,SGEN,0.933
2612,NVDA,SIVB,0.654
2613,NVDA,SLV,0.896
2614,NVDA,SPY,0.823
2615,NVDA,SSYS,-0.084
2616,NVDA,STAA,0.865
2617,NVDA,TD,-0.308
2618,NVDA,TLT,0.693
2619,NVDA,TNA,-0.148
2620,NVDA,TRMB,0.77
2621,NVDA,TXN,0.837
2622,NVDA,V,0.791
2623,NVDA,VERU,0.559
2624,NVDA,WMT,0.92
2625,NVDA,WWR,0.06
2626,NVDA,XBI,0.883
2627,NVDA,XHB,0.796
2628,NVDA,XLE,-0.776
2629,PENN,PERI,0.846
2630,PENN,PFE,0.005
2631,PENN,PTC,0.831
2632,PENN,QCOM,0.929
2633,PENN,QQQ,0.925
2634,PENN,RIO,0.841
2635,PENN,SGEN,0.726
2636,PENN,SIVB,0.902
2637,PENN,SLV,0.872
2638,PENN,SPY,0.906
2639,PENN,SSYS,0.321
2640,PENN,STAA,0.929
2641,PENN,TD,0.111
2642,PENN,TLT,0.354
2643,PENN,TNA,0.285
2644,PENN,TRMB,0.946
2645,PENN,TXN,0.926
2646,PENN,V,0.721
2647,PENN,VERU,0.751
2648,PENN,WMT,0.804
2649,PENN,WWR,0.35
2650,PENN,XBI,0.941
2651,PENN,XHB,0.905
2652,PENN,XLE,-0.469
2653,PERI,PFE,-0.149
2654,PERI,PTC,0.706
2655,PERI,QCOM,0.77
2656,PERI,QQQ,0.773
2657,PERI,RIO,0.7
2658,PERI,SGEN,0.569
2659,PERI,SIVB,0.849
2660,PERI,SLV,0.682
2661,PERI,SPY,0.808
2662,PERI,SSYS,0.497
2663,PERI,STAA,0.845
2664,PERI,TD,0.185
2665,PERI,TLT,0.3
2666,PERI,TNA,0.423
2667,PERI,TRMB,0.805
2668,PERI,TXN,0.828
2669,PERI,V,0.672
2670,PERI,VERU,0.931
2671,PERI,WMT,0.663
2672,PERI,WWR,0.199
2673,PERI,XBI,0.826
2674,PERI,XHB,0.76
2675,PERI,XLE,-0.342
2676,PFE,PTC,0.409
2677,PFE,QCOM,-0.025
2678,PFE,QQQ,-0.115
2679,PFE,RIO,0.405
2680,PFE,SGEN,-0.303
2681,PFE,SIVB,0.21
2682,PFE,SLV,-0.087
2683,PFE,SPY,0.088
2684,PFE,SSYS,0.318
2685,PFE,STAA,-0.05
2686,PFE,TD,0.567
2687,PFE,TLT,-0.603
2688,PFE,TNA,0.505
2689,PFE,TRMB,0.226
2690,PFE,TXN,-0.016
2691,PFE,V,-0.138
2692,PFE,VERU,-0.104
2693,PFE,WMT,-0.222
2694,PFE,WWR,0.573
2695,PFE,XBI,0.033
2696,PFE,XHB,0.088
2697,PFE,XLE,0.561
2698,PINS,PINS,1.0
2699,PINS,RIDE,0.84
2700,PINS,RIDE,0.84
2701,PTC,QCOM,0.72
2702,PTC,QQQ,0.692
2703,PTC,RIO,0.936
2704,PTC,SGEN,0.389
2705,PTC,SIVB,0.918
2706,PTC,SLV,0.609
2707,PTC,SPY,0.768
2708,PTC,SSYS,0.586
2709,PTC,STAA,0.8
2710,PTC,TD,0.41
2711,PTC,TLT,-0.064
2712,PTC,TNA,0.562
2713,PTC,TRMB,0.911
2714,PTC,TXN,0.735
2715,PTC,V,0.465
2716,PTC,VERU,0.705
2717,PTC,WMT,0.461
2718,PTC,WWR,0.655
2719,PTC,XBI,0.827
2720,PTC,XHB,0.747
2721,PTC,XLE,-0.061
2722,QCOM,QQQ,0.943
2723,QCOM,RIO,0.764
2724,QCOM,SGEN,0.776
2725,QCOM,SIVB,0.838
2726,QCOM,SLV,0.879
2727,QCOM,SPY,0.926
2728,QCOM,SSYS,0.14
2729,QCOM,STAA,0.886
2730,QCOM,TD,0.05
2731,QCOM,TLT,0.448
2732,QCOM,TNA,0.198
2733,QCOM,TRMB,0.905
2734,QCOM,TXN,0.945
2735,QCOM,V,0.8
2736,QCOM,VERU,0.626
2737,QCOM,WMT,0.894
2738,QCOM,WWR,0.205
2739,QCOM,XBI,0.899
2740,QCOM,XHB,0.906
2741,QCOM,XLE,-0.531
2742,QQQ,RIO,0.726
2743,QQQ,SGEN,0.892
2744,QQQ,SIVB,0.768
2745,QQQ,SLV,0.914
2746,QQQ,SPY,0.917
2747,QQQ,SSYS,0.07
2748,QQQ,STAA,0.912
2749,QQQ,TD,-0.132
2750,QQQ,TLT,0.604
2751,QQQ,TNA,0.036
2752,QQQ,TRMB,0.867
2753,QQQ,TXN,0.913
2754,QQQ,V,0.852
2755,QQQ,VERU,0.661
2756,QQQ,WMT,0.915
2757,QQQ,WWR,0.114
2758,QQQ,XBI,0.944
2759,QQQ,XHB,0.876
2760,QQQ,XLE,-0.661
2761,RIO,SGEN,0.434
2762,RIO,SIVB,0.902
2763,RIO,SLV,0.684
2764,RIO,SPY,0.822
2765,RIO,SSYS,0.522
2766,RIO,STAA,0.788
2767,RIO,TD,0.434
2768,RIO,TLT,-0.021
2769,RIO,TNA,0.549
2770,RIO,TRMB,0.933
2771,RIO,TXN,0.796
2772,RIO,V,0.55
2773,RIO,VERU,0.676
2774,RIO,WMT,0.53
2775,RIO,WWR,0.565
2776,RIO,XBI,0.834
2777,RIO,XHB,0.809
2778,RIO,XLE,-0.065
2779,SGEN,SIVB,0.477
2780,SGEN,SLV,0.759
2781,SGEN,SPY,0.71
2782,SGEN,SSYS,-0.249
2783,SGEN,STAA,0.756
2784,SGEN,TD,-0.464
2785,SGEN,TLT,0.797
2786,SGEN,TNA,-0.302
2787,SGEN,TRMB,0.596
2788,SGEN,TXN,0.701
2789,SGEN,V,0.76
2790,SGEN,VERU,0.466
2791,SGEN,WMT,0.884
2792,SGEN,WWR,-0.13
2793,SGEN,XBI,0.801
2794,SGEN,XHB,0.66
2795,SGEN,XLE,-0.832
2796,SIVB,SLV,0.69
2797,SIVB,SPY,0.865
2798,SIVB,SSYS,0.575
2799,SIVB,STAA,0.878
2800,SIVB,TD,0.407
2801,SIVB,TLT,0.028
2802,SIVB,TNA,0.596
2803,SIVB,TRMB,0.942
2804,SIVB,TXN,0.869
2805,SIVB,V,0.577
2806,SIVB,VERU,0.783
2807,SIVB,WMT,0.61
2808,SIVB,WWR,0.526
2809,SIVB,XBI,0.869
2810,SIVB,XHB,0.843
2811,SIVB,XLE,-0.144
2812,SLV,SPY,0.875
2813,SLV,SSYS,0.033
2814,SLV,STAA,0.801
2815,SLV,TD,-0.036
2816,SLV,TLT,0.523
2817,SLV,TNA,0.068
2818,SLV,TRMB,0.817
2819,SLV,TXN,0.878
2820,SLV,V,0.797
2821,SLV,VERU,0.524
2822,SLV,WMT,0.849
2823,SLV,WWR,0.098
2824,SLV,XBI,0.818
2825,SLV,XHB,0.893
2826,SLV,XLE,-0.555
2827,SPY,SSYS,0.232
2828,SPY,STAA,0.852
2829,SPY,TD,0.235
2830,SPY,TLT,0.32
2831,SPY,TNA,0.382
2832,SPY,TRMB,0.929
2833,SPY,TXN,0.953
2834,SPY,V,0.88
2835,SPY,VERU,0.657
2836,SPY,WMT,0.809
2837,SPY,WWR,0.226
2838,SPY,XBI,0.895
2839,SPY,XHB,0.971
2840,SPY,XLE,-0.341
2841,SSYS,STAA,0.339
2842,SSYS,TD,0.617
2843,SSYS,TLT,-0.474
2844,SSYS,TNA,0.73
2845,SSYS,TRMB,0.417
2846,SSYS,TXN,0.268
2847,SSYS,V,-0.068
2848,SSYS,VERU,0.59
2849,SSYS,WMT,-0.1
2850,SSYS,WWR,0.583
2851,SSYS,XBI,0.294
2852,SSYS,XHB,0.227
2853,SSYS,XLE,0.425
2854,STAA,TD,-0.0
2855,STAA,TLT,0.408
2856,STAA,TNA,0.208
2857,STAA,TRMB,0.886
2858,STAA,TXN,0.886
2859,STAA,V,0.664
2860,STAA,VERU,0.774
2861,STAA,WMT,0.797
2862,STAA,WWR,0.333
2863,STAA,XBI,0.96
2864,STAA,XHB,0.819
2865,STAA,XLE,-0.514
2866,TD,TLT,-0.763
2867,TD,TNA,0.927
2868,TD,TRMB,0.318
2869,TD,TXN,0.185
2870,TD,V,-0.012
2871,TD,VERU,0.15
2872,TD,WMT,-0.243
2873,TD,WWR,0.517
2874,TD,XBI,0.011
2875,TD,XHB,0.279
2876,TD,XLE,0.781
2877,TLT,TNA,-0.68
2878,TLT,TRMB,0.182
2879,TLT,TXN,0.356
2880,TLT,V,0.559
2881,TLT,VERU,0.241
2882,TLT,WMT,0.707
2883,TLT,WWR,-0.527
2884,TLT,XBI,0.431
2885,TLT,XHB,0.259
2886,TLT,XLE,-0.93
2887,TNA,TRMB,0.453
2888,TNA,TXN,0.325
2889,TNA,V,0.088
2890,TNA,VERU,0.388
2891,TNA,WMT,-0.122
2892,TNA,WWR,0.556
2893,TNA,XBI,0.212
2894,TNA,XHB,0.399
2895,TNA,XLE,0.66
2896,TRMB,TXN,0.922
2897,TRMB,V,0.716
2898,TRMB,VERU,0.724
2899,TRMB,WMT,0.718
2900,TRMB,WWR,0.455
2901,TRMB,XBI,0.918
2902,TRMB,XHB,0.917
2903,TRMB,XLE,-0.267
2904,TXN,V,0.815
2905,TXN,VERU,0.676
2906,TXN,WMT,0.847
2907,TXN,WWR,0.258
2908,TXN,XBI,0.893
2909,TXN,XHB,0.94
2910,TXN,XLE,-0.403
2911,V,VERU,0.508
2912,V,WMT,0.806
2913,V,WWR,-0.143
2914,V,XBI,0.736
2915,V,XHB,0.825
2916,V,XLE,-0.498
2917,VERU,WMT,0.523
2918,VERU,WWR,0.232
2919,VERU,XBI,0.767
2920,VERU,XHB,0.587
2921,VERU,XLE,-0.287
2922,WMT,WWR,-0.057
2923,WMT,XBI,0.804
2924,WMT,XHB,0.77
2925,WMT,XLE,-0.742
2926,WWR,XBI,0.308
2927,WWR,XHB,0.293
2928,WWR,XLE,0.348
2929,XBI,XHB,0.845
2930,XBI,XLE,-0.501
2931,XHB,XLE,-0.299
